Rank,Year,Position,Name,Age,Wins,Losses,Winning_Percentage,Earned_Run_Average,Games_Played,Games_Started,Games_Finished,Complete_Games,Shutouts,Saves,Innings_Pitched,Hits_Allowed,Runs_Allowed,Earned_Runs,Home_Runs_Allowed,Walks_Allowed,Intentional_Walks_Allowed,Strikeouts,Hit_By_Pitch,Balks,Wild_Pitches,Batters_Faced,Adjusted_Earned_Run_Average,Fielding_Independent_Pitching,Walks_Hits_Per_Inning_Pitched,Hits_Per_Nine_Innings,Home_Runs_Per_Nine_Innings,Walks_Per_Nine_Innings,Strikeouts_Per_Nine_Innings,Strikeout_Walk_Ratio,Dominant_Hand,Switch_Hitter
1,2023,SP,Logan Webb,26,11,13,0.458,3.25,33,33,0,2,1,0,216.0,201,83,78,20,31,0,194,5,0,1,850,130,3.16,1.074,8.4,0.8,1.3,8.1,6.26,Right,No
2,2023,SP,Alex Cobb,35,7,7,0.5,3.87,28,28,0,2,1,0,151.1,163,69,65,19,37,0,131,6,5,7,646,109,4.01,1.322,9.7,1.1,2.2,7.8,3.54,Right,No
3,2023,SP,Anthony DeSclafani,33,4,8,0.333,4.88,19,18,0,0,0,0,99.2,105,59,54,15,20,0,79,4,0,3,419,87,4.35,1.254,9.5,1.4,1.8,7.1,3.95,Right,No
4,2023,CL,Camilo Doval,25,6,6,0.5,2.93,69,0,60,0,0,39,67.2,51,32,22,3,26,6,87,8,3,10,281,145,2.77,1.138,6.8,0.4,3.5,11.6,3.35,Right,No
5,2023,RP,Tyler Rogers,32,4,5,0.444,3.04,68,0,8,0,0,2,74.0,66,27,25,7,19,2,60,3,0,0,309,139,3.76,1.149,8.0,0.9,2.3,7.3,3.16,Right,No
6,2023,RP,Ryan Walker,27,5,3,0.625,3.23,49,13,6,0,0,1,61.1,61,25,22,8,24,0,78,2,0,3,263,131,3.68,1.386,9.0,1.2,3.5,11.4,3.25,Right,No
7,2023,RP,Taylor Rogers,32,6,4,0.6,3.83,60,0,12,0,0,2,51.2,39,27,22,6,25,3,64,3,0,3,216,111,3.91,1.239,6.8,1.0,4.4,11.1,2.56,Left,No
8,2023,RP,Scott Alexander,33,7,3,0.7,4.66,55,8,11,0,0,1,48.1,55,30,25,2,11,3,31,1,0,7,208,91,3.26,1.366,10.2,0.4,2.0,5.8,2.82,Left,No
9,2023,,Sean Manaea,31,7,6,0.538,4.44,37,10,2,0,0,1,117.2,104,68,58,14,42,0,128,8,0,3,499,95,3.9,1.241,8.0,1.1,3.2,9.8,3.05,Left,No
10,2023,,Alex Wood,32,5,5,0.5,4.33,29,12,2,0,0,0,97.2,98,52,47,9,42,0,74,8,2,3,429,98,4.47,1.433,9.0,0.8,3.9,6.8,1.76,Left,No
11,2023,,Ross Stripling,33,0,5,0.0,5.36,22,11,5,0,0,0,89.0,104,54,53,20,16,0,70,2,1,2,381,79,5.21,1.348,10.5,2.0,1.6,7.1,4.38,Right,No
12,2023,,Jakob Junis,30,4,3,0.571,3.87,40,4,6,0,0,1,86.0,90,42,37,12,21,1,96,5,0,5,367,109,3.74,1.291,9.4,1.3,2.2,10.0,4.57,Right,No
13,2023,,Tristan Beck,27,3,3,0.5,3.92,33,3,13,0,0,2,85.0,83,40,37,10,21,2,68,2,0,3,354,108,4.0,1.224,8.8,1.1,2.2,7.2,3.24,Right,No
14,2023,,Keaton Winn,25,1,3,0.25,4.68,9,5,2,0,0,1,42.1,36,22,22,6,8,0,35,5,0,1,172,91,4.37,1.039,7.7,1.3,1.7,7.4,4.38,Right,No
15,2023,,John Brebbia,33,3,5,0.375,3.99,40,10,6,0,0,0,38.1,31,21,17,6,14,2,47,0,0,0,161,106,3.93,1.174,7.3,1.4,3.3,11.0,3.36,Right,No
16,2023,,Kyle Harrison,21,1,1,0.5,4.15,7,7,0,0,0,0,34.2,29,19,16,8,11,0,35,4,0,0,147,102,5.53,1.154,7.5,2.1,2.9,9.1,3.18,Left,No
17,2023,,Luke Jackson,31,2,2,0.5,2.97,33,0,9,0,0,0,33.1,26,14,11,3,15,2,43,1,1,3,143,143,3.29,1.23,7.0,0.8,4.1,11.6,2.87,Right,No
18,2023,,Sean Hjelle,26,2,1,0.667,6.52,15,0,7,0,0,0,29.0,38,25,21,3,13,1,31,4,0,5,139,65,4.22,1.759,11.8,0.9,4.0,9.6,2.38,Right,No
19,2023,,Mauricio Llovera,27,1,0,1.0,1.69,5,0,3,0,0,0,5.1,4,1,1,1,2,0,5,0,0,1,21,266,4.94,1.125,6.8,1.7,3.4,8.4,2.5,Right,No
20,2023,,Cole Waites,25,0,0,0.0,15.43,3,0,2,0,0,0,2.1,6,5,4,0,2,0,2,0,0,0,15,32,4.11,3.429,23.1,0.0,7.7,7.7,1.0,Right,No
21,2023,,Brandon Crawford,36,0,0,0.0,0.0,1,0,1,0,0,0,1.0,1,0,0,0,1,0,0,0,0,0,5,0,6.26,2.0,9.0,0.0,9.0,0.0,0.0,Right,No
22,2023,,Brett Wisely,24,0,0,0.0,9.0,1,0,1,0,0,0,1.0,1,1,1,1,0,0,0,0,0,0,4,64,16.26,1.0,9.0,9.0,0.0,0.0,0.0,Right,No
23,2023,,David Villar,26,0,0,0.0,0.0,1,0,1,0,0,0,1.0,0,0,0,0,1,0,0,0,0,0,3,0,6.26,1.0,0.0,0.0,9.0,0.0,0.0,Right,No
24,2023,,Matt Beaty,30,0,0,0.0,27.0,1,0,1,0,0,0,1.0,3,3,3,0,1,0,1,0,0,0,7,21,4.26,4.0,27.0,0.0,9.0,9.0,1.0,Right,No
1,2022,SP,Logan Webb,25,15,9,0.625,2.9,32,32,0,0,0,0,192.1,174,76,62,11,49,0,163,7,0,6,787,136,3.03,1.159,8.1,0.5,2.3,7.6,3.33,Right,No
2,2022,SP,Carlos Rodón,29,14,8,0.636,2.88,31,31,0,1,0,0,178.0,131,59,57,12,52,0,237,3,0,10,710,137,2.25,1.028,6.6,0.6,2.6,12.0,4.56,Left,No
3,2022,SP,Alex Cobb,34,7,8,0.467,3.73,28,28,0,0,0,0,149.2,152,72,62,9,43,0,151,3,1,4,631,106,2.8,1.303,9.1,0.5,2.6,9.1,3.51,Right,No
4,2022,SP,Alex Wood,31,8,12,0.4,5.1,26,26,0,0,0,0,130.2,132,78,74,17,30,1,131,12,0,4,555,77,3.76,1.24,9.1,1.2,2.1,9.0,4.37,Left,No
5,2022,SP,Jakob Junis,29,5,7,0.417,4.42,23,17,0,0,0,0,112.0,120,57,55,13,25,0,98,4,0,1,478,89,3.65,1.295,9.6,1.0,2.0,7.9,3.92,Right,No
6,2022,CL,Camilo Doval,24,6,6,0.5,2.53,68,0,51,0,0,27,67.2,54,27,19,4,30,2,80,3,0,4,286,156,2.98,1.241,7.2,0.5,4.0,10.6,2.67,Right,No
7,2022,RP,Tyler Rogers,31,3,4,0.429,3.57,68,0,8,0,0,0,75.2,73,34,30,3,23,0,49,5,1,1,319,111,3.44,1.269,8.7,0.4,2.7,5.8,2.13,Right,No
8,2022,RP,John Brebbia,32,6,2,0.75,3.18,76,11,4,0,0,0,68.0,71,27,24,5,18,2,54,1,0,0,288,124,3.32,1.309,9.4,0.7,2.4,7.1,3.0,Right,No
9,2022,RP,Jarlín García,29,1,4,0.2,3.74,58,0,14,0,0,1,65.0,60,34,27,10,18,1,56,1,0,2,270,106,4.27,1.2,8.3,1.4,2.5,7.8,3.11,Left,No
10,2022,RP,Dominic Leone,30,4,5,0.444,4.01,55,0,8,0,0,3,49.1,55,24,22,6,24,5,52,0,0,3,222,99,4.04,1.601,10.0,1.1,4.4,9.5,2.17,Right,No
11,2022,,Yunior Marte,27,1,1,0.5,5.44,39,0,10,0,0,0,48.0,47,32,29,5,22,0,44,6,0,3,214,73,4.38,1.438,8.8,0.9,4.1,8.3,2.0,Right,No
12,2022,,Zack Littell,26,3,3,0.5,5.08,39,0,7,0,0,1,44.1,48,25,25,8,13,0,39,1,0,1,190,78,4.65,1.376,9.7,1.6,2.6,7.9,3.0,Right,No
13,2022,,Sam Long,26,1,3,0.25,3.61,28,6,12,0,0,1,42.1,39,23,17,8,14,1,33,1,0,3,181,110,5.07,1.252,8.3,1.7,3.0,7.0,2.36,Left,No
14,2022,,Alex Young,28,1,1,0.5,2.39,24,1,1,0,0,0,26.1,28,11,7,0,11,0,20,1,0,3,114,167,2.96,1.481,9.6,0.0,3.8,6.8,1.82,Left,No
15,2022,,Sean Hjelle,25,1,2,0.333,5.76,8,0,0,0,0,0,25.0,33,19,16,3,8,0,28,1,0,1,115,69,3.51,1.64,11.9,1.1,2.9,10.1,3.5,Right,No
16,2022,,Jake McGee,35,1,2,0.333,7.17,24,0,8,0,0,3,21.1,27,18,17,2,6,1,11,0,0,1,96,56,4.14,1.547,11.4,0.8,2.5,4.6,1.83,Left,No
17,2022,,Anthony DeSclafani,32,0,2,0.0,6.63,5,5,0,0,0,0,19.0,34,21,14,4,4,0,17,1,0,0,94,61,4.85,2.0,16.1,1.9,1.9,8.1,4.25,Right,No
18,2022,,Scott Alexander,32,0,0,0.0,1.04,17,4,3,0,0,2,17.1,12,2,2,1,1,0,10,0,0,0,63,387,2.88,0.75,6.2,0.5,0.5,5.2,10.0,Left,No
19,2022,,Mauricio Llovera,26,0,0,0.0,4.41,17,1,5,0,0,0,16.1,14,8,8,2,8,1,20,0,0,1,72,91,3.72,1.347,7.7,1.1,4.4,11.0,2.5,Right,No
20,2022,,José Álvarez,33,2,1,0.667,5.28,21,0,6,0,0,1,15.1,17,10,9,3,9,1,15,2,0,1,76,76,5.85,1.696,10.0,1.8,5.3,8.8,1.67,Left,No
21,2022,,Thomas Szapucki,26,0,0,0.0,1.98,10,0,2,0,0,0,13.2,12,3,3,2,4,0,16,0,0,1,54,205,3.55,1.171,7.9,1.3,2.6,10.5,4.0,Left,No
22,2022,,Tyler Beede,29,0,0,0.0,4.66,6,0,3,0,0,0,9.2,14,5,5,1,6,0,4,0,0,1,48,88,5.49,2.069,13.0,0.9,5.6,3.7,0.67,Right,No
23,2022,,Luis Ortiz,26,0,0,0.0,1.04,6,0,4,0,0,0,8.2,5,1,1,0,3,0,6,0,0,0,33,396,2.77,0.923,5.2,0.0,3.1,6.2,2.0,Right,No
24,2022,,Jharel Cotton,30,2,0,1.0,6.75,5,0,2,0,0,0,8.0,11,7,6,0,4,0,8,0,0,1,37,61,2.61,1.875,12.4,0.0,4.5,9.0,2.0,Right,No
25,2022,,Shelby Miller,31,0,1,0.0,6.43,4,0,0,0,0,0,7.0,6,5,5,0,3,1,14,0,0,0,30,65,0.4,1.286,7.7,0.0,3.9,18.0,4.67,Right,No
26,2022,,Luis González,26,0,0,0.0,5.68,5,0,5,0,0,0,6.1,9,4,4,0,1,0,0,0,0,0,30,73,3.59,1.579,12.8,0.0,1.4,0.0,0.0,Left,No
27,2022,,Cole Waites,24,0,0,0.0,3.18,7,0,3,0,0,0,5.2,6,2,2,1,4,0,4,0,0,0,25,132,6.11,1.765,9.5,1.6,6.4,6.4,1.0,Right,No
28,2022,,Gregory Santos,22,0,0,0.0,4.91,2,0,1,0,0,0,3.2,3,2,2,0,3,0,2,0,0,0,17,89,4.48,1.636,7.4,0.0,7.4,4.9,0.67,Right,No
29,2022,,Andrew Vasquez,28,0,0,0.0,0.0,1,0,0,0,0,0,2.0,0,0,0,0,1,0,4,0,0,0,7,0,0.61,0.5,0.0,0.0,4.5,18.0,4.0,Left,No
30,2022,,Austin Wynns,31,0,0,0.0,13.5,2,0,2,0,0,0,2.0,3,3,3,1,1,0,0,0,0,0,10,35,11.11,2.0,13.5,4.5,4.5,0.0,0.0,Right,No
31,2022,,Kervin Castro,23,0,0,0.0,27.0,2,0,1,0,0,0,1.2,4,5,5,0,2,0,4,0,0,0,11,18,1.91,3.6,21.6,0.0,10.8,21.6,2.0,Right,No
32,2022,,Donovan Walton,28,0,0,0.0,27.0,1,0,1,0,0,0,1.0,3,3,3,1,1,0,0,0,0,1,7,20,19.11,4.0,27.0,9.0,9.0,0.0,0.0,Right,No
33,2022,,Mike Ford,29,0,0,0.0,0.0,0,0,0,0,0,0,0.0,0,0,0,0,0,0,0,0,0,0,0,0,0.0,0.0,0.0,0.0,0.0,0.0,0.0,Right,No
34,2022,,Darin Ruf,35,0,0,0.0,0.0,0,0,0,0,0,0,0.0,0,0,0,0,0,0,0,0,0,0,0,0,0.0,0.0,0.0,0.0,0.0,0.0,0.0,Right,No
1,2021,SP,Kevin Gausman,30,14,6,0.7,2.81,33,33,0,0,0,0,192.0,150,66,60,20,50,1,227,4,0,7,775,147,3.0,1.042,7.0,0.9,2.3,10.6,4.54,Right,No
2,2021,SP,Anthony DeSclafani,31,13,7,0.65,3.17,31,31,0,2,2,0,167.2,141,61,59,19,42,1,152,2,0,7,676,130,3.62,1.091,7.6,1.0,2.3,8.2,3.62,Right,No
3,2021,SP,Logan Webb,24,11,3,0.786,3.03,27,26,0,0,0,0,148.1,128,53,50,9,36,0,158,8,0,2,596,136,2.72,1.106,7.8,0.5,2.2,9.6,4.39,Right,No
4,2021,SP,Alex Wood,30,10,4,0.714,3.83,26,26,0,0,0,0,138.2,125,63,59,14,39,1,152,16,0,7,585,108,3.48,1.183,8.1,0.9,2.5,9.9,3.9,Left,No
5,2021,SP,Johnny Cueto,35,7,7,0.5,4.08,22,21,0,0,0,0,114.2,127,57,52,15,30,1,98,4,0,0,490,101,4.05,1.369,10.0,1.2,2.4,7.7,3.27,Right,No
6,2021,CL,Jake McGee,34,3,2,0.6,2.72,62,0,42,0,0,31,59.2,44,25,18,7,10,1,58,2,0,0,239,153,3.35,0.905,6.6,1.1,1.5,8.7,5.8,Left,No
7,2021,RP,Tyler Rogers,30,7,1,0.875,2.22,80,0,18,0,0,13,81.0,74,23,20,5,13,0,55,5,0,0,326,186,3.28,1.074,8.2,0.6,1.4,6.1,4.23,Right,No
8,2021,RP,Jarlín García,28,6,3,0.667,2.62,58,0,13,0,0,1,68.2,48,26,20,9,18,3,68,2,2,2,269,158,3.77,0.961,6.3,1.2,2.4,8.9,3.78,Left,No
9,2021,RP,José Álvarez,32,5,2,0.714,2.37,67,1,12,0,0,0,64.2,53,23,17,2,19,1,42,0,0,1,266,175,3.15,1.113,7.4,0.3,2.6,5.8,2.21,Left,No
10,2021,RP,Zack Littell,25,4,0,1.0,2.92,63,2,10,0,0,2,61.2,46,24,20,7,24,1,63,2,2,3,252,142,3.87,1.135,6.7,1.0,3.5,9.2,2.63,Right,No
11,2021,,Dominic Leone,29,4,5,0.444,1.51,57,4,11,0,0,2,53.2,37,15,9,2,22,1,50,1,0,2,219,275,3.08,1.099,6.2,0.3,3.7,8.4,2.27,Right,No
12,2021,,Sam Long,25,2,1,0.667,5.53,12,5,2,0,0,0,40.2,37,27,25,5,15,0,38,3,0,5,176,75,4.23,1.279,8.2,1.1,3.3,8.4,2.53,Left,No
13,2021,,Aaron Sanchez,28,1,1,0.5,3.06,9,7,1,0,0,0,35.1,32,12,12,2,15,0,26,4,1,0,156,136,4.05,1.33,8.2,0.5,3.8,6.6,1.73,Right,No
14,2021,,Camilo Doval,23,5,1,0.833,3.0,29,0,9,0,0,3,27.0,19,10,9,4,9,2,37,1,0,2,109,139,3.47,1.037,6.3,1.3,3.0,12.3,4.11,Right,No
15,2021,,Tony Watson,36,4,1,0.8,2.96,26,0,0,0,0,0,24.1,15,8,8,1,4,0,19,0,0,0,90,141,2.64,0.781,5.5,0.4,1.5,7.0,4.75,Left,No
16,2021,,Caleb Baragar,27,2,1,0.667,1.57,25,0,5,0,0,2,23.0,19,7,4,1,12,2,16,3,0,0,98,268,4.3,1.348,7.4,0.4,4.7,6.3,1.33,Left,No
17,2021,,Jay Jackson,33,2,1,0.667,3.74,23,1,4,0,0,0,21.2,15,9,9,3,12,0,28,0,0,0,90,112,4.05,1.246,6.2,1.2,5.0,11.6,2.33,Right,No
18,2021,,Matt Wisler,28,1,2,0.333,6.05,21,0,4,0,0,0,19.1,19,13,13,4,6,0,26,0,0,0,82,69,4.1,1.293,8.8,1.9,2.8,12.1,4.33,Right,No
19,2021,,John Brebbia,31,0,1,0.0,5.89,18,0,6,0,0,0,18.1,25,13,12,4,4,2,22,2,0,0,87,71,4.59,1.582,12.3,2.0,2.0,10.8,5.5,Right,No
20,2021,,Conner Menez,26,1,0,1.0,3.86,8,1,0,0,0,0,14.0,16,10,6,2,3,0,15,0,0,0,62,110,3.53,1.357,10.3,1.3,1.9,9.6,5.0,Left,No
21,2021,,Kervin Castro,22,1,1,0.5,0.0,10,0,4,0,0,0,13.1,13,1,0,0,4,1,13,0,0,0,56,0,2.12,1.275,8.8,0.0,2.7,8.8,3.25,Right,No
22,2021,,Scott Kazmir,37,0,1,0.0,6.35,5,4,0,0,0,0,11.1,15,9,8,3,6,1,10,0,0,0,55,67,6.43,1.853,11.9,2.4,4.8,7.9,1.67,Left,No
23,2021,,James Sherfy,29,1,0,1.0,4.22,10,0,4,0,0,0,10.2,9,5,5,2,4,0,9,1,0,1,46,101,5.33,1.219,7.6,1.7,3.4,7.6,2.25,Right,No
24,2021,,José Quintana,32,0,0,0.0,4.66,5,0,0,0,0,0,9.2,8,5,5,3,6,1,12,0,1,2,43,92,6.58,1.448,7.4,2.8,5.6,11.2,2.0,Left,No
25,2021,,Wandy Peralta,29,2,1,0.667,5.4,10,0,6,0,0,2,8.1,11,5,5,1,3,0,8,0,1,1,37,80,3.89,1.68,11.9,1.1,3.2,8.6,2.67,Left,No
26,2021,,Sam Selman,30,0,0,0.0,4.5,7,0,2,0,0,0,8.0,4,4,4,2,4,0,8,1,0,0,33,96,6.3,1.0,4.5,2.3,4.5,9.0,2.0,Left,No
27,2021,,Nick Tropeano,30,1,0,1.0,1.5,4,0,1,0,0,0,6.0,4,2,1,0,2,0,2,0,0,1,23,292,3.5,1.0,6.0,0.0,3.0,3.0,1.0,Right,No
28,2021,,Reyes Moronta,28,0,0,0.0,2.25,4,0,0,0,0,0,4.0,1,1,1,1,0,0,2,0,0,0,13,200,5.42,0.25,2.3,2.3,0.0,4.5,0.0,Right,No
29,2021,,Tyler Chatwood,31,0,1,0.0,6.75,2,0,2,0,0,0,4.0,6,5,3,1,1,0,6,1,0,0,20,67,4.92,1.75,13.5,2.3,2.3,13.5,6.0,Right,No
30,2021,,Gregory Santos,21,0,2,0.0,22.5,3,0,1,0,0,0,2.0,5,6,5,3,2,0,3,0,0,0,13,22,22.67,3.5,22.5,13.5,9.0,13.5,1.5,Right,No
31,2021,,Tyler Beede,28,0,0,0.0,27.0,1,0,0,0,0,0,1.0,2,3,3,0,0,0,2,1,0,1,6,21,2.17,2.0,18.0,0.0,0.0,18.0,0.0,Right,No
32,2021,,Darin Ruf,34,0,0,0.0,18.0,1,0,1,0,0,0,1.0,3,2,2,0,0,0,0,0,0,0,6,31,3.17,3.0,27.0,0.0,0.0,0.0,0.0,Right,No
33,2021,,Mike Tauchman,30,0,0,0.0,9.0,1,0,1,0,0,0,1.0,3,1,1,0,0,0,0,0,0,0,6,63,3.17,3.0,27.0,0.0,0.0,0.0,0.0,Left,No
34,2021,,Austin Slater,28,0,0,0.0,0.0,1,0,1,0,0,0,0.1,0,0,0,0,1,0,0,0,0,0,2,0,12.17,3.0,0.0,0.0,27.0,0.0,0.0,Right,No
1,2020,SP,Johnny Cueto,34,2,3,0.4,5.4,12,12,0,0,0,0,63.1,61,41,38,9,26,0,56,3,2,1,277,79,4.64,1.374,8.7,1.3,3.7,8.0,2.15,Right,No
2,2020,SP,Kevin Gausman,29,3,3,0.5,3.62,12,10,1,0,0,0,59.2,50,26,24,8,16,0,79,0,1,4,245,118,3.09,1.106,7.5,1.2,2.4,11.9,4.94,Right,No
3,2020,SP,Tyler Anderson,30,4,3,0.571,4.37,13,11,0,1,0,0,59.2,58,32,29,5,25,0,41,4,0,1,260,98,4.36,1.391,8.7,0.8,3.8,6.2,1.64,Left,No
4,2020,SP,Logan Webb,23,3,4,0.429,5.47,13,11,0,0,0,0,54.1,61,38,33,4,24,1,46,7,0,3,246,78,4.17,1.564,10.1,0.7,4.0,7.6,1.92,Right,No
5,2020,SP,Drew Smyly,31,0,1,0.0,3.42,7,5,0,0,0,0,26.1,20,11,10,2,9,0,42,0,0,1,111,126,2.01,1.101,6.8,0.7,3.1,14.4,4.67,Left,No
6,2020,SP,Trevor Cahill,32,1,2,0.333,3.24,11,6,2,0,0,0,25.0,16,10,9,3,14,0,31,2,0,1,106,133,4.19,1.2,5.8,1.1,5.0,11.2,2.21,Right,No
7,2020,CL,Trevor Gott,27,1,2,0.333,10.03,15,0,5,0,0,4,11.2,13,13,13,7,8,0,8,1,0,0,57,44,11.93,1.8,10.0,5.4,6.2,6.2,1.0,Right,No
8,2020,RP,Tyler Rogers,29,3,3,0.5,4.5,29,0,6,0,0,3,28.0,31,16,14,2,6,0,27,4,0,0,123,96,3.26,1.321,10.0,0.6,1.9,8.7,4.5,Right,No
9,2020,RP,Wandy Peralta,28,1,1,0.5,3.29,25,0,9,0,0,0,27.1,22,13,10,3,11,0,25,2,1,0,114,131,4.22,1.207,7.2,1.0,3.6,8.2,2.27,Left,No
10,2020,RP,Caleb Baragar,26,5,1,0.833,4.03,24,1,2,0,0,0,22.1,17,10,10,3,5,0,19,1,0,1,88,107,4.04,0.985,6.9,1.2,2.0,7.7,3.8,Left,No
11,2020,RP,Sam Selman,29,1,1,0.5,3.72,24,0,8,0,0,1,19.1,13,8,8,2,9,0,23,2,0,2,82,116,3.86,1.138,6.1,0.9,4.2,10.7,2.56,Left,No
12,2020,,Jarlín García,27,2,1,0.667,0.49,19,0,5,0,0,0,18.1,11,6,1,0,7,1,14,2,1,0,73,884,3.14,0.982,5.4,0.0,3.4,6.9,2.0,Left,No
13,2020,,Tony Watson,35,1,0,1.0,2.5,21,0,4,0,0,2,18.0,13,8,5,3,3,0,15,1,0,0,73,174,4.36,0.889,6.5,1.5,1.5,7.5,5.0,Left,No
14,2020,,Jeff Samardzija,35,0,2,0.0,9.72,4,4,0,0,0,0,16.2,21,19,18,7,4,0,6,2,0,0,77,45,9.01,1.5,11.3,3.8,2.2,3.2,1.5,Right,No
15,2020,,Shaun Anderson,25,0,0,0.0,3.52,18,0,4,0,0,0,15.1,10,6,6,3,12,0,18,0,0,2,67,124,5.73,1.435,5.9,1.8,7.0,10.6,1.5,Right,No
16,2020,,Sam Coonrod,27,0,2,0.0,9.82,18,0,5,0,0,3,14.2,17,16,16,2,7,0,15,2,0,1,71,44,4.76,1.636,10.4,1.2,4.3,9.2,2.14,Right,No
17,2020,,Conner Menez,25,1,0,1.0,2.38,7,0,3,0,0,0,11.1,6,4,3,2,5,0,8,1,0,0,45,184,5.66,0.971,4.8,1.6,4.0,6.4,1.6,Left,No
18,2020,,Rico Garcia,26,1,1,0.5,5.4,12,0,2,0,0,0,10.0,13,6,6,1,4,0,7,0,0,2,44,82,4.29,1.7,11.7,0.9,3.6,6.3,1.75,Right,No
19,2020,,Andrew Suárez,27,0,0,0.0,3.72,6,0,1,0,0,0,9.2,9,4,4,1,6,0,5,0,0,1,42,119,5.36,1.552,8.4,0.9,5.6,4.7,0.83,Left,No
20,2020,,Dereck Rodríguez,28,0,0,0.0,13.5,2,0,0,0,0,0,4.0,10,6,6,2,3,0,2,0,0,0,24,34,10.94,3.25,22.5,4.5,6.8,4.5,0.67,Right,No
21,2020,,Dany Jiménez,26,0,0,0.0,6.75,2,0,1,0,0,0,1.1,1,1,1,0,3,0,1,0,0,0,8,80,8.44,3.0,6.8,0.0,20.3,6.8,0.33,Right,No
22,2020,,Tyler Heineman,29,0,0,0.0,0.0,1,0,1,0,0,0,1.0,1,0,0,0,0,0,0,0,0,0,3,0,3.19,1.0,9.0,0.0,0.0,0.0,0.0,Right,No
23,2020,,Andrew Triggs,31,0,1,0.0,81.0,1,0,0,0,0,0,0.1,0,3,3,0,3,0,0,0,0,0,4,11,30.19,9.0,0.0,0.0,81.0,0.0,0.0,Right,No
1,2019,SP,Madison Bumgarner,29,9,9,0.5,3.9,34,34,0,0,0,0,207.2,191,99,90,30,43,3,203,10,0,3,844,107,3.9,1.127,8.3,1.3,1.9,8.8,4.72,Left,No
2,2019,SP,Jeff Samardzija,34,11,12,0.478,3.52,32,32,0,0,0,0,181.1,152,78,71,28,49,4,140,6,0,5,740,119,4.59,1.108,7.5,1.4,2.4,6.9,2.86,Right,No
3,2019,SP,Tyler Beede,26,5,10,0.333,5.08,24,22,0,0,0,0,117.0,127,70,66,22,46,1,113,5,0,9,523,82,5.03,1.479,9.8,1.7,3.5,8.7,2.46,Right,No
4,2019,SP,Dereck Rodríguez,27,6,11,0.353,5.64,28,16,4,0,0,0,99.0,108,74,62,21,36,0,71,2,0,1,439,74,5.69,1.455,9.8,1.9,3.3,6.5,1.97,Right,No
5,2019,SP,Shaun Anderson,24,3,5,0.375,5.44,28,16,4,0,0,2,96.0,111,61,58,13,38,3,70,2,0,6,427,77,4.77,1.552,10.4,1.2,3.6,6.6,1.84,Right,No
6,2019,SP,Drew Pomeranz,30,2,9,0.182,5.68,21,17,0,0,0,0,77.2,89,51,49,17,36,0,92,4,1,1,355,74,5.24,1.609,10.3,2.0,4.2,10.7,2.56,Left,No
7,2019,CL,Will Smith,29,6,0,1.0,2.76,63,0,52,0,0,34,65.1,46,20,20,10,21,2,96,0,0,3,257,152,3.23,1.026,6.3,1.4,2.9,13.2,4.57,Left,No
8,2019,RP,Reyes Moronta,26,3,7,0.3,2.86,56,0,5,0,0,0,56.2,41,19,18,4,33,1,70,3,0,3,246,147,3.57,1.306,6.5,0.6,5.2,11.1,2.12,Right,No
9,2019,RP,Tony Watson,34,2,2,0.5,4.17,60,0,4,0,0,0,54.0,56,26,25,9,12,1,41,5,0,1,231,101,4.81,1.259,9.3,1.5,2.0,6.8,3.42,Left,No
10,2019,RP,Trevor Gott,26,7,0,1.0,4.44,50,0,6,0,0,1,52.2,41,26,26,4,17,0,57,2,0,1,214,95,3.12,1.101,7.0,0.7,2.9,9.7,3.35,Right,No
11,2019,RP,Sam Dyson,31,4,1,0.8,2.47,49,0,8,0,0,2,51.0,39,17,14,3,7,0,47,3,0,0,196,170,2.72,0.902,6.9,0.5,1.2,8.3,6.71,Right,No
12,2019,,Derek Holland,32,2,4,0.333,5.9,31,7,10,1,0,0,68.2,68,49,45,17,35,2,71,4,0,0,308,71,6.07,1.5,8.9,2.2,4.6,9.3,2.03,Left,No
13,2019,,Mark Melancon,34,4,2,0.667,3.5,43,0,16,0,0,1,46.1,49,19,18,3,16,2,44,2,0,3,195,120,3.32,1.403,9.5,0.6,3.1,8.5,2.75,Right,No
14,2019,,Logan Webb,22,2,3,0.4,5.22,8,8,0,0,0,0,39.2,44,25,23,5,14,0,37,1,0,4,174,81,4.12,1.462,10.0,1.1,3.2,8.4,2.64,Right,No
15,2019,,Andrew Suárez,26,0,2,0.0,5.79,21,2,4,0,0,0,32.2,39,23,21,7,14,2,25,1,0,2,148,73,5.85,1.622,10.7,1.9,3.9,6.9,1.79,Left,No
16,2019,,Nick Vincent,32,0,2,0.0,5.58,18,1,4,0,0,0,30.2,36,20,19,7,8,2,30,3,1,0,138,76,5.3,1.435,10.6,2.1,2.3,8.8,3.75,Right,No
17,2019,,Sam Coonrod,26,5,1,0.833,3.58,33,0,9,0,0,0,27.2,19,11,11,3,15,1,20,4,1,2,114,118,5.24,1.229,6.2,1.0,4.9,6.5,1.33,Right,No
18,2019,,Jandel Gustave,26,0,0,0.0,2.96,23,0,4,0,0,1,24.1,18,11,8,1,9,0,14,0,0,0,99,143,3.71,1.11,6.7,0.4,3.3,5.2,1.56,Right,No
19,2019,,Travis Bergen,25,2,0,1.0,5.49,21,0,8,0,0,0,19.2,18,12,12,4,9,2,18,1,1,1,85,77,5.55,1.373,8.2,1.8,4.1,8.2,2.0,Left,No
20,2019,,Tyler Rogers,28,2,0,1.0,1.02,17,0,4,0,0,0,17.2,12,3,2,0,3,0,16,1,0,1,70,418,2.08,0.849,6.1,0.0,1.5,8.2,5.33,Right,No
21,2019,,Conner Menez,24,0,1,0.0,5.29,8,3,2,0,0,0,17.0,13,10,10,4,12,0,22,0,0,2,73,81,5.8,1.471,6.9,2.1,6.4,11.6,1.83,Left,No
22,2019,,Johnny Cueto,33,1,2,0.333,5.06,4,4,0,0,0,0,16.0,11,9,9,3,9,0,13,0,0,1,67,84,5.71,1.25,6.2,1.7,5.1,7.3,1.44,Right,No
23,2019,,Fernando Abad,33,0,2,0.0,4.15,21,0,1,0,0,0,13.0,9,6,6,2,3,0,9,0,0,1,49,103,4.52,0.923,6.2,1.4,2.1,6.2,3.0,Left,No
24,2019,,Sam Selman,28,0,0,0.0,4.35,10,0,3,0,0,0,10.1,6,5,5,2,6,0,10,2,0,0,44,99,6.12,1.161,5.2,1.7,5.2,8.7,1.67,Left,No
25,2019,,Burch Smith,29,0,0,0.0,2.08,10,0,2,0,0,0,8.2,10,3,2,0,4,0,6,0,0,0,41,210,3.21,1.615,10.4,0.0,4.2,6.2,1.5,Right,No
26,2019,,Kyle Barraclough,29,0,0,0.0,2.25,10,0,3,0,0,0,8.0,5,3,2,1,9,0,10,0,0,1,40,194,5.71,1.75,5.6,1.1,10.1,11.3,1.11,Right,No
27,2019,,Williams Jerez,27,1,0,1.0,2.7,6,0,3,0,0,0,6.2,7,2,2,1,6,0,4,0,0,2,29,163,6.66,1.95,9.5,1.4,8.1,5.4,0.67,Left,No
28,2019,,Ty Blach,28,0,0,0.0,14.21,2,0,1,0,0,0,6.1,14,10,10,2,4,0,3,0,0,0,36,31,8.27,2.842,19.9,2.8,5.7,4.3,0.75,Left,No
29,2019,,Wandy Peralta,27,0,0,0.0,3.18,8,0,0,0,0,0,5.2,4,2,2,1,1,0,5,0,0,0,21,140,4.27,0.882,6.4,1.6,1.6,7.9,5.0,Left,No
30,2019,,Enderson Franco,26,0,0,0.0,3.38,5,0,2,0,0,0,5.1,4,2,2,1,1,0,4,0,0,0,20,132,4.71,0.938,6.8,1.7,1.7,6.8,4.0,Right,No
31,2019,,Pat Venditte,34,0,0,0.0,16.2,2,0,0,0,0,0,3.1,4,6,6,1,2,0,2,3,0,0,19,29,10.41,1.8,10.8,2.7,5.4,5.4,1.0,Right,Yes
32,2019,,Ray Black,29,0,0,0.0,4.5,2,0,1,0,0,0,2.0,4,1,1,1,1,0,5,0,0,0,11,110,6.21,2.5,18.0,4.5,4.5,22.5,5.0,Right,No
33,2019,,Pablo Sandoval,32,0,0,0.0,0.0,1,0,1,0,0,0,1.0,0,0,0,0,0,0,0,1,0,0,3,0,6.21,0.0,0.0,0.0,0.0,0.0,0.0,Right,No
34,2019,,Aaron Altherr,28,0,0,0.0,0.0,0,0,0,0,0,0,0.0,0,0,0,0,0,0,0,0,0,0,0,0,0.0,0.0,0.0,0.0,0.0,0.0,0.0,Right,No
35,2019,,Gerardo Parra,32,0,0,0.0,0.0,0,0,0,0,0,0,0.0,0,0,0,0,0,0,0,0,0,0,0,0,0.0,0.0,0.0,0.0,0.0,0.0,0.0,Left,No
1,2018,SP,Derek Holland,31,7,9,0.438,3.57,36,30,1,0,0,0,171.1,154,74,68,19,67,6,169,4,1,2,727,106,3.87,1.29,8.1,1.0,3.5,8.9,2.52,Left,No
2,2018,SP,Andrew Suárez,25,7,13,0.35,4.49,29,29,0,0,0,0,160.1,163,85,80,23,45,1,130,3,0,4,665,85,4.3,1.297,9.1,1.3,2.5,7.3,2.89,Left,No
3,2018,SP,Chris Stratton,27,10,10,0.5,5.09,28,26,1,1,1,0,145.0,153,87,82,19,54,1,112,2,0,6,625,75,4.48,1.428,9.5,1.2,3.4,7.0,2.07,Right,No
4,2018,SP,Madison Bumgarner,28,6,7,0.462,3.26,21,21,0,0,0,0,129.2,118,51,47,14,43,3,109,5,1,3,551,116,3.99,1.242,8.2,1.0,3.0,7.6,2.53,Left,No
5,2018,SP,Dereck Rodríguez,26,6,4,0.6,2.81,21,19,1,0,0,0,118.1,98,43,37,9,36,2,89,7,0,1,487,135,3.73,1.132,7.5,0.7,2.7,6.8,2.47,Right,No
6,2018,CL,Will Smith,28,2,3,0.4,2.55,54,0,27,0,0,14,53.0,37,18,15,3,15,4,71,0,0,2,210,150,2.07,0.981,6.3,0.5,2.5,12.1,4.73,Left,No
7,2018,RP,Sam Dyson,30,4,3,0.571,2.69,74,0,16,0,0,3,70.1,56,23,21,5,20,1,56,3,0,2,273,142,3.47,1.081,7.2,0.6,2.6,7.2,2.8,Right,No
8,2018,RP,Tony Watson,33,4,6,0.4,2.59,72,0,10,0,0,0,66.0,54,19,19,4,14,3,72,1,0,0,261,147,2.45,1.03,7.4,0.5,1.9,9.8,5.14,Left,No
9,2018,RP,Reyes Moronta,25,5,2,0.714,2.49,69,0,9,0,0,1,65.0,34,20,18,4,37,4,79,0,0,5,262,153,3.24,1.092,4.7,0.6,5.1,10.9,2.14,Right,No
10,2018,RP,Hunter Strickland,29,3,5,0.375,3.97,49,0,35,0,0,14,45.1,43,25,20,5,21,2,37,1,0,4,201,96,4.42,1.412,8.5,1.0,4.2,7.3,1.76,Right,No
11,2018,,Ty Blach,27,6,7,0.462,4.25,47,13,13,0,0,0,118.2,133,62,56,8,41,4,75,1,1,1,512,89,3.83,1.466,10.1,0.6,3.1,5.7,1.83,Left,No
12,2018,,Johnny Cueto,32,3,2,0.6,3.23,9,9,0,0,0,0,53.0,46,19,19,8,13,0,38,5,0,2,214,118,4.71,1.113,7.8,1.4,2.2,6.5,2.92,Right,No
13,2018,,Jeff Samardzija,33,1,5,0.167,6.25,10,10,0,0,0,0,44.2,47,32,31,6,26,1,30,2,0,2,207,61,5.44,1.634,9.5,1.2,5.2,6.0,1.15,Right,No
14,2018,,Pierce Johnson,27,3,2,0.6,5.56,37,0,7,0,0,0,43.2,38,27,27,5,22,1,36,0,0,1,186,69,4.51,1.374,7.8,1.0,4.5,7.4,1.64,Right,No
15,2018,,Mark Melancon,33,1,4,0.2,3.23,41,0,8,0,0,3,39.0,48,18,14,2,14,2,31,1,0,4,174,118,3.39,1.59,11.1,0.5,3.2,7.2,2.21,Right,No
16,2018,,Cory Gearrin,32,1,1,0.5,4.2,35,0,8,0,0,1,30.0,33,14,14,5,13,1,31,3,0,0,137,91,4.86,1.533,9.9,1.5,3.9,9.3,2.38,Right,No
17,2018,,Casey Kelly,28,0,3,0.0,3.04,7,3,4,0,0,0,23.2,28,10,8,3,5,1,16,1,1,0,104,127,4.22,1.394,10.6,1.1,1.9,6.1,3.2,Right,No
18,2018,,Ray Black,28,2,2,0.5,6.17,26,0,4,0,0,0,23.1,17,16,16,4,10,0,33,1,0,1,95,62,3.97,1.157,6.6,1.5,3.9,12.7,3.3,Right,No
19,2018,,Derek Law,27,1,0,1.0,7.43,7,0,4,0,0,0,13.1,16,13,11,2,8,0,12,1,0,1,66,53,5.34,1.8,10.8,1.4,5.4,8.1,1.5,Right,No
20,2018,,Josh Osich,29,0,0,0.0,8.25,12,0,2,0,0,0,12.0,20,11,11,2,7,0,10,2,0,3,61,47,5.91,2.25,15.0,1.5,5.3,7.5,1.43,Left,No
21,2018,,Roberto Gómez,28,1,0,1.0,7.71,5,0,2,0,0,0,9.1,20,11,8,0,1,0,8,1,0,0,49,51,2.09,2.25,19.3,0.0,1.0,7.7,8.0,Right,No
22,2018,,Tyler Beede,25,0,1,0.0,8.22,2,2,0,0,0,0,7.2,9,7,7,0,8,0,9,1,0,0,40,49,4.33,2.217,10.6,0.0,9.4,10.6,1.13,Right,No
23,2018,,Steven Okert,26,0,0,0.0,1.23,10,0,4,0,0,0,7.1,4,1,1,1,0,0,8,0,0,0,27,326,2.75,0.545,4.9,1.2,0.0,9.8,0.0,Left,No
24,2018,,José Váldez,28,0,0,0.0,12.6,4,0,3,0,0,0,5.0,8,7,7,3,1,0,4,0,0,0,24,33,9.96,1.8,14.4,5.4,1.8,7.2,4.0,Right,No
25,2018,,D.J. Snelten,26,0,0,0.0,10.38,4,0,0,0,0,0,4.1,9,6,5,2,3,0,4,0,0,0,26,40,9.39,2.769,18.7,4.2,6.2,8.3,1.33,Left,No
26,2018,,Chase d'Arnaud,31,0,0,0.0,0.0,1,0,1,0,0,0,1.0,1,0,0,0,0,0,0,0,0,0,4,0,3.16,1.0,9.0,0.0,0.0,0.0,0.0,Right,No
27,2018,,Pablo Sandoval,31,0,0,0.0,0.0,1,0,1,0,0,0,1.0,0,0,0,0,0,0,0,0,0,0,3,0,3.16,0.0,0.0,0.0,0.0,0.0,0.0,Right,No
1,2017,SP,Jeff Samardzija,32,9,15,0.375,4.42,32,32,0,1,1,0,207.2,204,107,102,30,32,1,205,6,0,2,847,96,3.61,1.136,8.8,1.3,1.4,8.9,6.41,Right,No
2,2017,SP,Matt Moore,28,6,15,0.286,5.52,32,31,1,0,0,0,174.1,200,116,107,27,67,3,148,7,0,10,790,77,4.75,1.532,10.3,1.4,3.5,7.6,2.21,Left,No
3,2017,SP,Ty Blach,26,8,12,0.4,4.78,34,24,3,1,1,0,163.2,179,91,87,17,43,2,73,1,0,3,692,89,4.42,1.356,9.8,0.9,2.4,4.0,1.7,Left,No
4,2017,SP,Johnny Cueto,31,8,8,0.5,4.52,25,25,0,0,0,0,147.1,160,77,74,22,53,2,136,8,1,4,648,94,4.5,1.446,9.8,1.3,3.2,8.3,2.57,Right,No
5,2017,SP,Matt Cain,32,3,11,0.214,5.43,27,23,1,0,0,0,124.1,157,85,75,18,49,6,75,2,0,3,568,79,5.06,1.657,11.4,1.3,3.5,5.4,1.53,Right,No
6,2017,SP,Madison Bumgarner,27,4,9,0.308,3.32,17,17,0,1,0,0,111.0,101,41,41,17,20,3,101,3,0,0,450,128,3.95,1.09,8.2,1.4,1.6,8.2,5.05,Left,No
7,2017,CL,Sam Dyson,29,3,4,0.429,4.03,38,0,26,0,0,14,38.0,36,18,17,2,18,4,27,3,1,1,169,107,4.08,1.421,8.5,0.5,4.3,6.4,1.5,Right,No
8,2017,RP,Cory Gearrin,31,4,3,0.571,1.99,68,0,21,0,0,0,68.0,50,16,15,4,35,4,64,7,0,3,285,215,3.89,1.25,6.6,0.5,4.6,8.5,1.83,Right,No
9,2017,RP,Hunter Strickland,28,4,3,0.571,2.64,68,0,17,0,0,1,61.1,59,20,18,4,29,4,58,2,1,3,268,162,3.63,1.435,8.7,0.6,4.3,8.5,2.0,Right,No
10,2017,RP,George Kontos,32,0,5,0.0,3.83,50,0,12,0,0,0,51.2,52,24,22,8,17,2,55,0,0,2,223,112,4.03,1.335,9.1,1.4,3.0,9.6,3.24,Right,No
11,2017,RP,Josh Osich,28,3,2,0.6,6.23,54,0,12,0,0,0,43.1,48,32,30,7,27,1,43,1,0,5,201,69,5.21,1.731,10.0,1.5,5.6,8.9,1.59,Left,No
12,2017,,Chris Stratton,26,4,4,0.5,3.68,13,10,1,0,0,1,58.2,59,25,24,5,28,0,51,1,0,2,256,116,4.01,1.483,9.1,0.8,4.3,7.8,1.82,Right,No
13,2017,,Derek Law,26,4,1,0.8,5.06,41,0,12,0,0,4,37.1,45,21,21,5,14,2,35,2,0,5,168,85,4.31,1.58,10.8,1.2,3.4,8.4,2.5,Right,No
14,2017,,Kyle Crick,24,0,0,0.0,3.06,30,0,14,0,0,0,32.1,22,13,11,2,17,1,28,1,0,6,134,140,3.9,1.206,6.1,0.6,4.7,7.8,1.65,Right,No
15,2017,,Albert Suárez,27,0,3,0.0,5.12,18,0,8,0,0,1,31.2,28,18,18,4,11,2,34,1,0,1,135,84,3.79,1.232,8.0,1.1,3.1,9.7,3.09,Right,No
16,2017,,Mark Melancon,32,1,2,0.333,4.5,32,0,18,0,0,11,30.0,37,16,15,3,6,0,29,1,0,2,130,96,3.22,1.433,11.1,0.9,1.8,8.7,4.83,Right,No
17,2017,,Steven Okert,25,1,1,0.5,5.67,44,0,3,0,0,0,27.0,24,18,17,3,11,2,22,3,0,0,118,76,4.53,1.296,8.0,1.0,3.7,7.3,2.0,Left,No
18,2017,,Bryan Morris,30,2,0,1.0,6.43,20,0,4,0,0,0,21.0,24,16,15,1,11,2,15,0,0,1,94,67,3.92,1.667,10.3,0.4,4.7,6.4,1.36,Right,No
19,2017,,Neil Ramírez,28,0,0,0.0,8.71,9,0,2,0,0,0,10.1,15,15,10,2,4,0,18,1,0,2,53,51,3.64,1.839,13.1,1.7,3.5,15.7,4.5,Right,No
20,2017,,Reyes Moronta,24,0,0,0.0,2.7,7,0,1,0,0,0,6.2,6,2,2,1,3,1,11,0,0,0,29,166,3.16,1.35,8.1,1.4,4.1,14.9,3.67,Right,No
21,2017,,Roberto Gómez,27,0,0,0.0,8.44,4,0,2,0,0,0,5.1,9,5,5,0,1,0,6,0,0,0,26,54,1.47,1.875,15.2,0.0,1.7,10.1,6.0,Right,No
22,2017,,Dan Slania,25,0,0,0.0,0.0,1,0,1,0,0,0,1.0,0,0,0,0,0,0,0,0,0,0,3,0,3.16,0.0,0.0,0.0,0.0,0.0,0.0,Right,No
1,2016,SP,Madison Bumgarner,26,15,9,0.625,2.74,34,34,0,4,1,0,226.2,179,79,69,26,54,0,251,8,1,4,912,146,3.24,1.028,7.1,1.0,2.1,10.0,4.65,Left,No
2,2016,SP,Johnny Cueto,30,18,5,0.783,2.79,32,32,0,5,2,0,219.2,195,71,68,15,45,1,198,8,1,3,881,144,2.95,1.093,8.0,0.6,1.8,8.1,4.4,Right,No
3,2016,SP,Jeff Samardzija,31,12,11,0.522,3.81,32,32,0,1,0,0,203.1,190,88,86,24,54,4,167,1,0,2,829,105,3.85,1.2,8.4,1.1,2.4,7.4,3.09,Right,No
4,2016,SP,Jake Peavy,35,5,9,0.357,5.54,31,21,3,0,0,0,118.2,134,76,73,18,36,1,102,2,1,4,520,73,4.36,1.433,10.2,1.4,2.7,7.7,2.83,Right,No
5,2016,SP,Matt Cain,31,4,8,0.333,5.64,21,17,2,0,0,0,89.1,103,58,56,16,32,1,72,6,0,5,397,71,5.14,1.511,10.4,1.6,3.2,7.3,2.25,Right,No
6,2016,SP,Albert Suárez,26,3,5,0.375,4.29,22,12,2,0,0,0,84.0,84,42,40,11,26,5,54,4,0,1,355,94,4.63,1.31,9.0,1.2,2.8,5.8,2.08,Right,No
7,2016,CL,Santiago Casilla,35,2,5,0.286,3.57,62,0,44,0,0,31,58.0,50,23,23,8,19,2,65,5,2,4,241,113,3.94,1.19,7.8,1.2,2.9,10.1,3.42,Right,No
8,2016,RP,Hunter Strickland,27,3,3,0.5,3.1,72,0,14,0,0,3,61.0,50,21,21,4,19,3,57,2,0,3,250,130,3.16,1.131,7.4,0.6,2.8,8.4,3.0,Right,No
9,2016,RP,Derek Law,25,4,2,0.667,2.13,61,0,12,0,0,1,55.0,44,13,13,3,9,0,50,0,0,1,214,190,2.53,0.964,7.2,0.5,1.5,8.2,5.56,Right,No
10,2016,RP,Josh Osich,27,1,3,0.25,4.71,59,0,9,0,0,0,36.1,31,20,19,7,19,1,25,3,0,2,160,86,6.09,1.376,7.7,1.7,4.7,6.2,1.32,Left,No
11,2016,RP,Javier López,38,1,3,0.25,4.05,68,0,6,0,0,1,26.2,24,13,12,3,15,0,15,2,0,0,118,100,5.4,1.463,8.1,1.0,5.1,5.1,1.0,Left,No
12,2016,,Matt Moore,27,6,5,0.545,4.08,12,12,0,0,0,0,68.1,59,31,31,5,32,1,69,1,0,3,289,99,3.53,1.332,7.8,0.7,4.2,9.1,2.16,Left,No
13,2016,,George Kontos,31,3,2,0.6,2.53,57,0,17,0,0,0,53.1,42,19,15,3,20,3,35,2,0,1,216,159,3.8,1.163,7.1,0.5,3.4,5.9,1.75,Right,No
14,2016,,Cory Gearrin,30,3,2,0.6,4.28,56,0,10,0,0,3,48.1,42,24,23,4,14,2,45,1,0,1,197,94,3.29,1.159,7.8,0.7,2.6,8.4,3.21,Right,No
15,2016,,Sergio Romo,33,1,0,1.0,2.64,40,0,13,0,0,4,30.2,26,9,9,5,7,1,33,0,0,1,117,154,3.8,1.076,7.6,1.5,2.1,9.7,4.71,Right,No
16,2016,,Will Smith,26,1,1,0.5,2.95,26,0,1,0,0,0,18.1,13,6,6,0,9,0,26,0,0,0,75,139,1.78,1.2,6.4,0.0,4.4,12.8,2.89,Left,No
17,2016,,Ty Blach,25,1,0,1.0,1.06,4,2,2,0,0,0,17.0,8,2,2,1,5,0,10,0,1,0,62,387,3.62,0.765,4.2,0.5,2.6,5.3,2.0,Left,No
18,2016,,Steven Okert,24,0,0,0.0,3.21,16,0,3,0,0,0,14.0,14,5,5,2,4,1,14,0,0,0,58,128,3.86,1.286,9.0,1.3,2.6,9.0,3.5,Left,No
19,2016,,Chris Stratton,25,1,0,1.0,3.6,7,0,7,0,0,0,10.0,11,4,4,1,5,0,6,0,0,0,43,116,4.75,1.6,9.9,0.9,4.5,5.4,1.2,Right,No
20,2016,,Matt Reynolds,31,0,1,0.0,7.5,8,0,4,0,0,0,6.0,7,5,5,0,5,2,3,0,0,1,30,57,4.65,2.0,10.5,0.0,7.5,4.5,0.6,Left,No
21,2016,,Mike Broadway,29,0,0,0.0,11.81,4,0,2,0,0,0,5.1,9,7,7,2,1,0,4,0,0,0,25,36,7.08,1.875,15.2,3.4,1.7,6.8,4.0,Right,No
22,2016,,Chris Heston,28,1,1,0.5,10.8,4,0,0,0,0,0,5.0,9,6,6,0,6,2,3,0,0,3,29,40,5.55,3.0,16.2,0.0,10.8,5.4,0.5,Right,No
23,2016,,Joe Nathan,41,1,0,1.0,0.0,7,0,1,0,0,0,4.1,3,0,0,0,2,0,5,0,0,1,18,0,2.22,1.154,6.2,0.0,4.2,10.4,2.5,Right,No
24,2016,,Vin Mazzaro,29,1,0,1.0,54.0,2,0,0,0,0,0,1.0,7,9,6,0,1,0,0,1,0,0,13,10,9.15,8.0,63.0,0.0,9.0,0.0,0.0,Right,No
25,2016,,Rubén Tejada,26,0,0,0.0,0.0,0,0,0,0,0,0,0.0,0,0,0,0,0,0,0,0,0,0,0,0,0.0,0.0,0.0,0.0,0.0,0.0,0.0,Right,No
1,2015,SP,Madison Bumgarner,25,18,9,0.667,2.93,32,32,0,4,2,0,218.1,181,73,71,21,39,2,234,7,0,1,869,131,2.87,1.008,7.5,0.9,1.6,9.6,6.0,Left,No
2,2015,SP,Chris Heston,27,12,11,0.522,3.95,31,31,0,2,1,0,177.2,169,82,78,16,64,3,141,13,1,5,746,97,4.02,1.311,8.6,0.8,3.2,7.1,2.2,Right,No
3,2015,SP,Ryan Vogelsong,37,9,11,0.45,4.67,33,22,6,0,0,0,135.0,140,76,70,17,58,2,108,3,0,1,598,82,4.53,1.467,9.3,1.1,3.9,7.2,1.86,Right,No
4,2015,SP,Tim Hudson,39,8,9,0.471,4.44,24,22,0,0,0,0,123.2,134,62,61,13,37,1,64,7,0,4,525,87,4.53,1.383,9.8,0.9,2.7,4.7,1.73,Right,No
5,2015,SP,Jake Peavy,34,8,6,0.571,3.58,19,19,0,0,0,0,110.2,99,45,44,12,25,1,78,2,1,2,448,108,3.87,1.12,8.1,1.0,2.0,6.3,3.12,Right,No
6,2015,SP,Tim Lincecum,31,7,4,0.636,4.13,15,15,0,0,0,0,76.1,75,37,35,7,38,2,60,1,0,5,333,93,4.29,1.48,8.8,0.8,4.5,7.1,1.58,Right,No
7,2015,CL,Santiago Casilla,34,4,2,0.667,2.79,67,0,55,0,0,38,58.0,51,19,18,6,23,2,62,2,0,1,244,138,3.63,1.276,7.9,0.9,3.6,9.6,2.7,Right,No
8,2015,RP,George Kontos,30,4,4,0.5,2.33,73,0,12,0,0,0,73.1,57,20,19,9,12,3,44,0,0,3,284,165,4.02,0.941,7.0,1.1,1.5,5.4,3.67,Right,No
9,2015,RP,Sergio Romo,32,0,5,0.0,2.98,70,0,14,0,0,2,57.1,51,20,19,3,10,2,71,1,0,4,230,129,1.91,1.064,8.0,0.5,1.6,11.1,7.1,Right,No
10,2015,RP,Hunter Strickland,26,3,3,0.5,2.45,55,0,11,0,0,0,51.1,34,14,14,4,10,1,50,2,0,1,191,157,2.9,0.857,6.0,0.7,1.8,8.8,5.0,Right,No
11,2015,RP,Javier López,37,1,0,1.0,1.6,77,0,14,0,0,0,39.1,19,8,7,1,16,3,26,0,0,1,147,242,3.36,0.89,4.3,0.2,3.7,5.9,1.63,Left,No
12,2015,,Yusmeiro Petit,30,1,1,0.5,3.67,42,1,15,0,0,1,76.0,75,32,31,11,15,2,59,1,0,3,316,105,4.09,1.184,8.9,1.3,1.8,7.0,3.93,Right,No
13,2015,,Matt Cain,30,2,4,0.333,5.79,13,11,0,0,0,0,60.2,71,39,39,12,20,0,41,4,0,1,271,67,5.54,1.5,10.5,1.8,3.0,6.1,2.05,Right,No
14,2015,,Mike Leake,27,2,5,0.286,4.07,9,9,0,1,1,0,55.1,51,25,25,8,15,1,29,1,1,3,222,95,4.83,1.193,8.3,1.3,2.4,4.7,1.93,Right,No
15,2015,,Jeremy Affeldt,36,2,2,0.5,5.86,52,0,7,0,0,0,35.1,43,24,23,6,14,2,21,2,0,1,163,66,5.51,1.613,11.0,1.5,3.6,5.3,1.5,Left,No
16,2015,,Jean Machi,33,1,0,1.0,5.14,33,0,8,0,0,0,35.0,38,21,20,3,14,0,22,1,0,1,159,75,4.28,1.486,9.8,0.8,3.6,5.7,1.57,Right,No
17,2015,,Josh Osich,26,2,0,1.0,2.2,35,0,6,0,0,0,28.2,24,12,7,4,8,0,27,0,0,2,120,177,3.9,1.116,7.5,1.3,2.5,8.5,3.38,Left,No
18,2015,,Mike Broadway,28,0,2,0.0,5.19,21,0,5,0,0,0,17.1,20,10,10,1,7,1,13,1,1,0,77,76,3.77,1.558,10.4,0.5,3.6,6.8,1.86,Right,No
19,2015,,Cody Hall,27,0,0,0.0,6.48,7,0,1,0,0,0,8.1,10,6,6,1,4,0,7,1,0,0,41,62,4.81,1.68,10.8,1.1,4.3,7.6,1.75,Right,No
20,2015,,Cory Gearrin,29,0,0,0.0,4.91,7,0,0,0,0,0,3.2,1,2,2,0,1,0,5,0,0,0,13,87,1.22,0.545,2.5,0.0,2.5,12.3,5.0,Right,No
21,2015,,Brett Bochy,27,0,0,0.0,0.0,4,0,1,0,0,0,3.0,1,0,0,0,1,0,3,1,0,1,12,0,3.13,0.667,3.0,0.0,3.0,9.0,3.0,Right,No
1,2014,SP,Madison Bumgarner,24,18,10,0.643,2.98,33,33,0,4,2,0,217.1,194,81,72,21,43,3,219,6,1,4,873,116,3.05,1.09,8.0,0.9,1.8,9.1,5.09,Left,No
2,2014,SP,Tim Hudson,38,9,13,0.409,3.57,31,31,0,1,0,0,189.1,199,86,75,15,34,3,120,7,0,2,789,97,3.54,1.231,9.5,0.7,1.6,5.7,3.53,Right,No
3,2014,SP,Ryan Vogelsong,36,8,13,0.381,4.0,32,32,0,1,0,0,184.2,178,86,82,18,58,2,151,9,0,2,780,86,3.85,1.278,8.7,0.9,2.8,7.4,2.6,Right,No
4,2014,SP,Tim Lincecum,30,12,9,0.571,4.74,33,26,3,1,1,1,155.2,154,86,82,19,63,0,134,5,1,15,673,73,4.31,1.394,8.9,1.1,3.6,7.7,2.13,Right,No
5,2014,SP,Matt Cain,29,2,7,0.222,4.18,15,15,0,0,0,0,90.1,81,47,42,13,32,2,70,2,0,2,374,83,4.58,1.251,8.1,1.3,3.2,7.0,2.19,Right,No
6,2014,SP,Jake Peavy,33,6,4,0.6,2.17,12,12,0,0,0,0,78.2,65,24,19,3,17,1,58,6,1,3,314,159,3.03,1.042,7.4,0.3,1.9,6.6,3.41,Right,No
7,2014,CL,Sergio Romo,31,6,4,0.6,3.72,64,0,35,0,0,23,58.0,43,24,24,9,12,2,59,4,0,2,230,93,3.94,0.948,6.7,1.4,1.9,9.2,4.92,Right,No
8,2014,RP,Jean Machi,32,7,1,0.875,2.58,71,0,13,0,0,2,66.1,45,19,19,5,18,3,51,1,1,5,249,134,3.43,0.95,6.1,0.7,2.4,6.9,2.83,Right,No
9,2014,RP,J.C. Gutiérrez,30,1,2,0.333,3.96,61,0,14,0,0,0,63.2,60,30,28,7,16,2,44,2,0,1,268,88,4.03,1.194,8.5,1.0,2.3,6.2,2.75,Right,No
10,2014,RP,Jeremy Affeldt,35,4,2,0.667,2.28,62,0,9,0,0,0,55.1,47,14,14,1,14,1,41,4,1,4,225,152,2.86,1.102,7.6,0.2,2.3,6.7,2.93,Left,No
11,2014,RP,Javier López,36,1,1,0.5,3.11,65,0,14,0,0,0,37.2,31,14,13,2,19,6,22,2,0,1,167,112,4.33,1.327,7.4,0.5,4.5,5.3,1.16,Left,No
12,2014,,Yusmeiro Petit,29,5,5,0.5,3.69,39,12,14,1,0,0,117.0,97,51,48,12,22,5,133,1,0,0,461,94,2.78,1.017,7.5,0.9,1.7,10.2,6.05,Right,No
13,2014,,Santiago Casilla,33,3,3,0.5,1.7,54,0,31,0,0,19,58.1,35,13,11,3,15,2,45,3,1,3,218,204,3.18,0.857,5.4,0.5,2.3,6.9,3.0,Right,No
14,2014,,George Kontos,29,4,0,1.0,2.78,24,0,7,0,0,0,32.1,24,10,10,1,11,3,27,0,0,1,125,125,2.88,1.082,6.7,0.3,3.1,7.5,2.45,Right,No
15,2014,,David Huff,29,1,0,1.0,6.3,16,0,3,0,0,0,20.0,27,15,14,2,6,0,11,1,0,0,92,56,4.38,1.65,12.2,0.9,2.7,5.0,1.83,Left,No
16,2014,,Hunter Strickland,25,1,0,1.0,0.0,9,0,5,0,0,1,7.0,5,0,0,0,0,0,9,0,0,0,25,0,0.56,0.714,6.4,0.0,0.0,11.6,0.0,Right,No
17,2014,,Erik Cordier,28,0,0,0.0,1.5,7,0,2,0,0,0,6.0,5,4,1,0,2,0,9,3,0,1,28,247,2.63,1.167,7.5,0.0,3.0,13.5,4.5,Right,No
18,2014,,Chris Heston,26,0,0,0.0,5.06,3,1,2,0,0,0,5.1,6,3,3,0,3,0,4,0,0,1,24,74,3.32,1.688,10.1,0.0,5.1,6.8,1.33,Right,No
19,2014,,Brett Bochy,26,0,0,0.0,5.4,3,0,2,0,0,0,3.1,1,2,2,1,2,0,3,1,0,0,14,72,7.93,0.9,2.7,2.7,5.4,8.1,1.5,Right,No
20,2014,,Mike Kickham,25,0,0,0.0,22.5,2,0,0,0,0,0,2.0,8,5,5,1,1,0,1,0,0,0,16,19,10.13,4.5,36.0,4.5,4.5,4.5,1.0,Left,No
21,2014,,Jake Dunning,25,0,0,0.0,0.0,1,0,0,0,0,0,0.2,0,0,0,0,1,0,0,0,0,2,2,0,7.63,1.5,0.0,0.0,13.5,0.0,0.0,Right,No
1,2013,SP,Madison Bumgarner,23,13,9,0.591,2.77,31,31,0,0,0,0,201.1,146,68,62,15,62,6,199,6,0,6,803,124,3.05,1.033,6.5,0.7,2.8,8.9,3.21,Left,No
2,2013,SP,Tim Lincecum,29,10,14,0.417,4.37,32,32,0,1,1,0,197.2,184,102,96,21,76,8,193,7,2,11,841,79,3.74,1.315,8.4,1.0,3.5,8.8,2.54,Right,No
3,2013,SP,Matt Cain,28,8,10,0.444,4.0,30,30,0,0,0,0,184.1,158,85,82,23,55,3,158,5,0,1,760,86,3.93,1.156,7.7,1.1,2.7,7.7,2.87,Right,No
4,2013,SP,Barry Zito,35,5,11,0.313,5.74,30,25,4,0,0,0,133.1,173,94,85,19,54,2,86,4,1,5,608,60,4.92,1.703,11.7,1.3,3.6,5.8,1.59,Left,No
5,2013,SP,Ryan Vogelsong,35,4,6,0.4,5.73,19,19,0,0,0,0,103.2,124,73,66,15,38,2,67,6,0,3,467,60,4.91,1.563,10.8,1.3,3.3,5.8,1.76,Right,No
6,2013,CL,Sergio Romo,30,5,8,0.385,2.54,65,0,52,0,0,38,60.1,53,20,17,5,12,3,58,1,0,1,250,137,2.85,1.077,7.9,0.7,1.8,8.7,4.83,Right,No
7,2013,RP,George Kontos,28,2,2,0.5,4.39,52,0,9,0,0,0,55.1,60,30,27,7,18,2,47,2,0,1,238,79,4.08,1.41,9.8,1.1,2.9,7.6,2.61,Right,No
8,2013,RP,Santiago Casilla,32,7,2,0.778,2.16,57,0,12,0,0,2,50.0,39,14,12,2,25,6,38,2,0,8,208,161,3.67,1.28,7.0,0.4,4.5,6.8,1.52,Right,No
9,2013,RP,Jose Mijares,28,0,3,0.0,4.22,60,0,14,0,0,0,49.0,67,24,23,3,20,4,54,3,0,3,236,82,3.05,1.776,12.3,0.6,3.7,9.9,2.7,Left,No
10,2013,RP,Javier López,35,4,2,0.667,1.83,69,0,14,0,0,1,39.1,30,10,8,1,12,5,37,0,0,1,161,190,2.41,1.068,6.9,0.2,2.7,8.5,3.08,Left,No
11,2013,,Chad Gaudin,30,5,2,0.714,3.06,30,12,4,0,0,0,97.0,81,34,33,6,40,3,88,2,1,5,406,113,3.34,1.247,7.5,0.6,3.7,8.2,2.2,Right,No
12,2013,,Jean Machi,31,3,1,0.75,2.38,51,0,9,0,0,0,53.0,46,15,14,2,12,3,51,0,0,2,211,146,2.29,1.094,7.8,0.3,2.0,8.7,4.25,Right,No
13,2013,,Yusmeiro Petit,28,4,1,0.8,3.56,8,7,0,1,1,0,48.0,46,19,19,4,11,1,47,0,0,0,196,97,2.86,1.188,8.6,0.8,2.1,8.8,4.27,Right,No
14,2013,,Sandy Rosario,27,3,2,0.6,3.02,43,0,14,0,0,0,41.2,38,15,14,1,20,5,24,0,0,2,180,115,3.65,1.392,8.2,0.2,4.3,5.2,1.2,Right,No
15,2013,,Jeremy Affeldt,34,1,5,0.167,3.74,39,0,11,0,0,0,33.2,27,14,14,2,17,5,21,4,0,2,146,93,4.44,1.307,7.2,0.5,4.5,5.6,1.24,Left,No
16,2013,,Guillermo Moscoso,29,2,2,0.5,5.1,13,2,0,0,0,0,30.0,20,17,17,5,21,3,31,3,0,5,128,68,5.55,1.367,6.0,1.5,6.3,9.3,1.48,Right,No
17,2013,,Mike Kickham,24,0,3,0.0,10.16,12,3,5,0,0,0,28.1,46,34,32,8,10,2,29,0,0,2,144,34,5.73,1.976,14.6,2.5,3.2,9.2,2.9,Left,No
18,2013,,Jake Dunning,24,0,2,0.0,2.84,29,0,9,0,0,0,25.1,20,8,8,2,11,1,16,3,0,1,104,123,4.47,1.224,7.1,0.7,3.9,5.7,1.45,Right,No
19,2013,,Heath Hembree,24,0,0,0.0,0.0,9,0,2,0,0,0,7.2,4,0,0,0,2,0,12,0,0,0,29,0,0.7,0.783,4.7,0.0,2.3,14.1,6.0,Right,No
20,2013,,Ramon Ramirez,31,0,0,0.0,11.12,6,0,1,0,0,0,5.2,9,8,7,2,5,0,0,0,0,1,29,33,10.28,2.471,14.3,3.2,7.9,0.0,0.0,Right,No
21,2013,,Eric Surkamp,25,0,1,0.0,23.63,1,1,0,0,0,0,2.2,9,7,7,2,0,0,0,2,0,0,18,17,15.05,3.375,30.4,6.8,0.0,0.0,0.0,Left,No
1,2012,SP,Matt Cain,27,16,5,0.762,2.79,32,32,0,2,2,0,219.1,177,73,68,21,51,1,193,9,0,8,876,126,3.4,1.04,7.3,0.9,2.1,7.9,3.78,Right,No
2,2012,SP,Madison Bumgarner,22,16,11,0.593,3.37,32,32,0,2,1,0,208.1,183,87,78,23,49,6,191,7,2,3,849,105,3.5,1.114,7.9,1.0,2.1,8.3,3.9,Left,No
3,2012,SP,Ryan Vogelsong,34,14,9,0.609,3.37,31,31,0,0,0,0,189.2,171,76,71,17,62,7,158,8,0,3,788,105,3.7,1.228,8.1,0.8,2.9,7.5,2.55,Right,No
4,2012,SP,Tim Lincecum,28,10,15,0.4,5.18,33,33,0,0,0,0,186.0,183,111,107,23,90,3,190,4,2,17,825,68,4.17,1.468,8.9,1.1,4.4,9.2,2.11,Right,No
5,2012,SP,Barry Zito,34,15,8,0.652,4.15,32,32,0,1,1,0,184.1,186,91,85,20,70,6,114,5,0,1,799,85,4.49,1.389,9.1,1.0,3.4,5.6,1.63,Left,No
6,2012,CL,Santiago Casilla,31,7,6,0.538,2.84,73,0,37,0,0,25,63.1,55,24,20,8,22,4,55,2,0,1,272,125,4.14,1.216,7.8,1.1,3.1,7.8,2.5,Right,No
7,2012,RP,Jeremy Affeldt,33,1,2,0.333,2.7,67,0,10,0,0,3,63.1,57,23,19,1,23,1,57,3,0,5,267,131,2.73,1.263,8.1,0.1,3.3,8.1,2.48,Left,No
8,2012,RP,Sergio Romo,29,4,2,0.667,1.79,69,0,27,0,0,14,55.1,37,11,11,5,10,1,63,3,0,2,215,198,2.7,0.849,6.0,0.8,1.6,10.2,6.3,Right,No
9,2012,RP,Clay Hensley,32,4,5,0.444,4.62,60,0,14,0,0,3,50.2,50,30,26,5,30,2,42,3,0,1,234,77,4.67,1.579,8.9,0.9,5.3,7.5,1.4,Right,No
10,2012,RP,Javier López,34,3,0,1.0,2.5,70,0,19,0,0,7,36.0,37,13,10,1,14,3,28,0,0,2,153,142,3.07,1.417,9.3,0.3,3.5,7.0,2.0,Left,No
11,2012,,George Kontos,27,2,1,0.667,2.47,44,0,9,0,0,0,43.2,34,15,12,3,12,0,44,0,0,1,177,144,2.8,1.053,7.0,0.6,2.5,9.1,3.67,Right,No
12,2012,,Brad Penny,34,0,1,0.0,6.11,22,0,8,0,0,0,28.0,42,22,19,4,9,2,10,1,0,2,133,58,5.31,1.821,13.5,1.3,2.9,3.2,1.11,Right,No
13,2012,,Shane Loux,32,1,0,1.0,4.97,19,0,6,0,0,0,25.1,32,15,14,3,9,1,9,0,0,1,112,72,4.99,1.618,11.4,1.1,3.2,3.2,1.0,Right,No
14,2012,,Guillermo Mota,38,0,1,0.0,5.23,26,0,4,0,0,0,20.2,24,13,12,3,8,0,24,2,0,0,91,69,4.11,1.548,10.5,1.3,3.5,10.5,3.0,Right,No
15,2012,,Jose Mijares,27,1,0,1.0,2.55,27,0,3,0,0,0,17.2,14,5,5,0,8,2,20,0,0,2,74,141,2.19,1.245,7.1,0.0,4.1,10.2,2.5,Left,No
16,2012,,Steve Edlefsen,27,0,1,0.0,4.7,14,0,6,0,0,0,15.1,20,8,8,1,6,0,9,0,0,0,69,77,3.94,1.696,11.7,0.6,3.5,5.3,1.5,Right,No
17,2012,,Dan Otero,27,0,0,0.0,5.84,12,0,4,0,0,0,12.1,19,11,8,0,2,1,8,2,0,1,57,62,2.77,1.703,13.9,0.0,1.5,5.8,4.0,Right,No
18,2012,,Eric Hacker,29,0,1,0.0,5.59,4,1,2,0,0,0,9.2,14,6,6,2,2,1,8,1,0,0,45,66,5.06,1.655,13.0,1.9,1.9,7.4,4.0,Right,No
19,2012,,Jean Machi,30,0,0,0.0,6.75,8,0,5,0,0,0,6.2,7,5,5,2,1,0,4,0,0,0,28,56,6.24,1.2,9.5,2.7,1.4,5.4,4.0,Right,No
20,2012,,Travis Blackley,29,0,0,0.0,9.0,4,0,1,0,0,0,5.0,7,6,5,0,2,0,2,0,0,1,25,42,3.49,1.8,12.6,0.0,3.6,3.6,1.0,Left,No
21,2012,,Yusmeiro Petit,27,0,0,0.0,3.86,1,1,0,0,0,0,4.2,7,2,2,0,4,0,1,0,0,1,22,100,5.24,2.357,13.5,0.0,7.7,1.9,0.25,Right,No
22,2012,,Dan Runzler,27,0,0,0.0,0.0,6,0,0,0,0,0,3.2,1,0,0,0,3,1,5,1,0,1,15,0,3.64,1.091,2.5,0.0,7.4,12.3,1.67,Left,No
23,2012,,Brian Wilson,30,0,0,0.0,9.0,2,0,2,0,0,1,2.0,4,2,2,0,2,0,2,0,0,1,12,48,4.09,3.0,18.0,0.0,9.0,9.0,1.0,Right,No
1,2011,SP,Matt Cain,26,12,11,0.522,2.88,33,33,0,1,0,0,221.2,177,82,71,9,63,5,179,9,0,4,907,121,2.91,1.083,7.2,0.4,2.6,7.3,2.84,Right,No
2,2011,SP,Tim Lincecum,27,13,14,0.481,2.74,33,33,0,1,1,0,217.0,176,74,66,15,86,5,220,6,0,9,900,127,3.17,1.207,7.3,0.6,3.6,9.1,2.56,Right,No
3,2011,SP,Madison Bumgarner,21,13,13,0.5,3.21,33,33,0,0,0,0,204.2,202,82,73,12,46,5,191,5,1,0,844,109,2.67,1.212,8.9,0.5,2.0,8.4,4.15,Left,No
4,2011,SP,Ryan Vogelsong,33,13,7,0.65,2.71,30,28,1,1,1,0,179.2,164,62,54,15,61,6,139,5,1,1,752,129,3.67,1.252,8.2,0.8,3.1,7.0,2.28,Right,No
5,2011,SP,Jonathan Sánchez,28,4,7,0.364,4.26,19,19,0,0,0,0,101.1,80,54,48,9,66,2,102,6,0,5,444,82,4.3,1.441,7.1,0.8,5.9,9.1,1.55,Left,No
6,2011,CL,Brian Wilson,29,6,4,0.6,3.11,57,0,45,0,0,36,55.0,50,20,19,2,31,0,54,2,0,2,243,113,3.33,1.473,8.2,0.3,5.1,8.8,1.74,Right,No
7,2011,RP,Ramon Ramirez,29,3,3,0.5,2.62,66,0,22,0,0,4,68.2,54,24,20,3,26,5,66,3,1,6,282,133,2.94,1.165,7.1,0.4,3.4,8.7,2.54,Right,No
8,2011,RP,Jeremy Affeldt,32,3,2,0.6,2.63,67,0,12,0,0,3,61.2,47,22,18,5,24,3,54,4,0,4,259,133,3.69,1.151,6.9,0.7,3.5,7.9,2.25,Left,No
9,2011,RP,Javier López,33,5,2,0.714,2.72,70,0,17,0,0,1,53.0,42,16,16,0,26,6,40,3,0,1,222,129,3.16,1.283,7.1,0.0,4.4,6.8,1.54,Left,No
10,2011,RP,Sergio Romo,28,3,1,0.75,1.5,65,0,16,0,0,1,48.0,29,8,8,2,5,1,70,0,0,0,175,234,0.96,0.708,5.4,0.4,0.9,13.1,14.0,Right,No
11,2011,,Guillermo Mota,37,2,2,0.5,3.81,52,0,11,0,0,1,80.1,71,34,34,10,30,4,77,2,1,1,333,92,3.92,1.257,8.0,1.1,3.4,8.6,2.57,Right,No
12,2011,,Barry Zito,33,3,4,0.429,5.87,13,9,3,0,0,0,53.2,51,35,35,10,24,1,32,0,0,1,225,60,5.6,1.398,8.6,1.7,4.0,5.4,1.33,Left,No
13,2011,,Santiago Casilla,30,2,2,0.5,1.74,49,0,20,0,0,6,51.2,33,11,10,1,25,1,45,2,0,5,211,201,3.1,1.123,5.7,0.2,4.4,7.8,1.8,Right,No
14,2011,,Dan Runzler,26,1,2,0.333,6.26,31,1,9,0,0,0,27.1,29,21,19,0,16,1,25,0,0,1,120,56,2.95,1.646,9.5,0.0,5.3,8.2,1.56,Left,No
15,2011,,Eric Surkamp,23,2,2,0.5,5.74,6,6,0,0,0,0,26.2,32,18,17,1,17,1,13,2,0,0,126,62,4.68,1.838,10.8,0.3,5.7,4.4,0.76,Left,No
16,2011,,Steve Edlefsen,26,0,0,0.0,9.53,13,0,2,0,0,0,11.1,17,12,12,2,10,0,6,1,0,0,60,38,7.17,2.382,13.5,1.6,7.9,4.8,0.6,Right,No
17,2011,,Waldis Joaquín,24,1,0,1.0,4.26,5,0,1,0,0,0,6.1,6,3,3,0,3,0,3,0,0,2,27,87,3.5,1.421,8.5,0.0,4.3,4.3,1.0,Right,No
1,2010,SP,Matt Cain,25,13,11,0.542,3.14,33,33,0,4,2,0,223.1,181,84,78,22,61,4,177,4,0,8,896,124,3.65,1.084,7.3,0.9,2.5,7.1,2.9,Right,No
2,2010,SP,Tim Lincecum,26,16,10,0.615,3.43,33,33,0,1,1,0,212.1,194,84,81,18,76,7,231,5,0,9,897,114,3.15,1.272,8.2,0.8,3.2,9.8,3.04,Right,No
3,2010,SP,Barry Zito,32,9,14,0.391,4.15,34,33,1,1,0,0,199.1,184,97,92,20,84,7,150,7,0,7,848,94,4.25,1.344,8.3,0.9,3.8,6.8,1.79,Left,No
4,2010,SP,Jonathan Sánchez,27,13,9,0.591,3.07,34,33,0,0,0,0,193.1,142,74,66,21,96,4,205,9,1,15,812,127,4.0,1.231,6.6,1.0,4.5,9.5,2.14,Left,No
5,2010,SP,Madison Bumgarner,20,7,6,0.538,3.0,18,18,0,0,0,0,111.0,119,40,37,11,26,2,86,5,1,1,472,131,3.66,1.306,9.6,0.9,2.1,7.0,3.31,Left,No
6,2010,SP,Todd Wellemeyer,31,3,5,0.375,5.68,13,11,0,0,0,0,58.2,57,37,37,12,35,1,41,3,0,3,265,69,6.28,1.568,8.7,1.8,5.4,6.3,1.17,Right,No
7,2010,CL,Brian Wilson,28,3,3,0.5,1.81,70,0,59,0,0,48,74.2,62,16,15,3,26,5,93,1,0,0,311,217,2.2,1.179,7.5,0.4,3.1,11.2,3.58,Right,No
8,2010,RP,Sergio Romo,27,5,3,0.625,2.18,68,0,13,0,0,0,62.0,46,16,15,6,14,2,70,4,0,0,247,180,2.95,0.968,6.7,0.9,2.0,10.2,5.0,Right,No
9,2010,RP,Santiago Casilla,29,7,2,0.778,1.95,52,0,13,0,0,2,55.1,40,14,12,2,26,4,56,4,0,10,225,201,3.15,1.193,6.5,0.3,4.2,9.1,2.15,Right,No
10,2010,RP,Guillermo Mota,36,1,3,0.25,4.33,56,0,17,0,0,1,54.0,49,29,26,4,22,5,38,0,0,5,228,91,3.86,1.315,8.2,0.7,3.7,6.3,1.73,Right,No
11,2010,RP,Jeremy Affeldt,31,4,3,0.571,4.14,53,0,14,0,0,4,50.0,56,25,23,4,24,5,44,3,0,4,228,95,3.98,1.6,10.1,0.7,4.3,7.9,1.83,Left,No
12,2010,,Denny Bautista,29,2,0,1.0,3.74,31,0,8,0,0,0,33.2,25,14,14,4,27,4,44,3,0,7,157,106,4.68,1.545,6.7,1.1,7.2,11.8,1.63,Right,No
13,2010,,Dan Runzler,25,3,0,1.0,3.03,41,0,7,0,0,0,32.2,29,12,11,1,20,3,37,1,0,2,144,130,3.14,1.5,8.0,0.3,5.5,10.2,1.85,Left,No
14,2010,,Ramon Ramirez,28,1,0,1.0,0.67,25,0,6,0,0,1,27.0,13,3,2,1,11,1,15,0,1,1,106,594,3.67,0.889,4.3,0.3,3.7,5.0,1.36,Right,No
15,2010,,Chris Ray,28,3,0,1.0,4.13,28,0,7,0,0,1,24.0,24,11,11,1,9,1,15,0,0,0,101,96,3.5,1.375,9.0,0.4,3.4,5.6,1.67,Right,No
16,2010,,Javier López,32,2,0,1.0,1.42,27,0,4,0,0,0,19.0,11,3,3,0,2,0,16,0,0,0,69,280,1.71,0.684,5.2,0.0,0.9,7.6,8.0,Left,No
17,2010,,Brandon Medders,30,0,0,0.0,7.2,14,0,7,0,0,0,15.0,26,12,12,3,6,1,8,0,0,0,73,56,5.81,2.133,15.6,1.8,3.6,4.8,1.33,Right,No
18,2010,,Joe Martinez,27,0,1,0.0,4.91,4,1,0,0,0,0,11.0,15,6,6,1,6,2,3,1,0,0,53,82,5.62,1.909,12.3,0.8,4.9,2.5,0.5,Right,No
19,2010,,Waldis Joaquín,23,0,0,0.0,9.64,4,0,0,0,0,0,4.2,6,6,5,0,7,0,2,1,1,2,27,44,7.36,2.786,11.6,0.0,13.5,3.9,0.29,Right,No
1,2009,SP,Tim Lincecum,25,15,7,0.682,2.48,32,32,0,4,2,0,225.1,168,69,62,10,68,2,261,6,0,11,905,171,2.34,1.047,6.7,0.4,2.7,10.4,3.84,Right,No
2,2009,SP,Matt Cain,24,14,8,0.636,2.89,33,33,0,4,0,0,217.2,184,73,70,22,73,6,171,3,0,9,886,147,3.89,1.181,7.6,0.9,3.0,7.1,2.34,Right,No
3,2009,SP,Barry Zito,31,10,13,0.435,4.03,33,33,0,1,0,0,192.0,179,89,86,21,81,8,154,8,2,2,818,105,4.31,1.354,8.4,1.0,3.8,7.2,1.9,Left,No
4,2009,SP,Jonathan Sánchez,26,8,12,0.4,4.24,32,29,2,1,1,0,163.1,135,82,77,19,88,5,177,6,0,11,710,100,4.17,1.365,7.4,1.0,4.8,9.8,2.01,Left,No
5,2009,SP,Randy Johnson,45,8,6,0.571,4.88,22,17,2,0,0,0,96.0,97,55,52,19,31,2,86,2,1,5,412,87,4.91,1.333,9.1,1.8,2.9,8.1,2.77,Left,No
6,2009,CL,Brian Wilson,27,5,6,0.455,2.74,68,0,60,0,0,38,72.1,60,27,22,3,27,4,83,1,0,4,303,156,2.5,1.203,7.5,0.4,3.4,10.3,3.07,Right,No
7,2009,RP,Brandon Medders,29,5,1,0.833,3.01,61,0,11,0,0,1,68.2,63,26,23,6,32,5,58,3,0,2,300,141,4.07,1.383,8.3,0.8,4.2,7.6,1.81,Right,No
8,2009,RP,Bob Howry,35,2,6,0.25,3.39,63,0,20,0,0,0,63.2,50,26,24,5,23,6,46,2,0,4,268,126,3.85,1.147,7.1,0.7,3.3,6.5,2.0,Right,No
9,2009,RP,Jeremy Affeldt,30,2,2,0.5,1.73,74,0,8,0,0,0,62.1,42,14,12,3,31,3,55,3,0,5,248,246,3.59,1.171,6.1,0.4,4.5,7.9,1.77,Left,No
10,2009,RP,Merkin Valdez,27,2,1,0.667,5.66,48,0,20,0,0,0,49.1,57,33,31,5,28,2,38,0,0,5,225,76,4.58,1.723,10.4,0.9,5.1,6.9,1.36,Right,No
11,2009,,Justin Miller,31,3,3,0.5,3.18,44,0,6,0,0,0,56.2,47,20,20,7,27,2,36,1,0,3,236,134,4.91,1.306,7.5,1.1,4.3,5.7,1.33,Right,No
12,2009,,Brad Penny,31,4,1,0.8,2.59,6,6,0,1,0,0,41.2,31,13,12,5,9,0,20,0,0,2,161,165,4.35,0.96,6.7,1.1,1.9,4.3,2.22,Right,No
13,2009,,Sergio Romo,26,5,2,0.714,3.97,45,0,9,0,0,2,34.0,30,15,15,1,11,0,41,1,0,2,143,108,2.13,1.206,7.9,0.3,2.9,10.9,3.73,Right,No
14,2009,,Joe Martinez,26,3,2,0.6,7.5,9,5,1,0,0,0,30.0,46,27,25,4,12,2,19,1,0,0,148,57,4.86,1.933,13.8,1.2,3.6,5.7,1.58,Right,No
15,2009,,Ryan Sadowski,26,2,4,0.333,4.45,6,6,0,0,0,0,28.1,28,15,14,2,17,1,17,1,0,2,128,97,4.72,1.588,8.9,0.6,5.4,5.4,1.0,Right,No
16,2009,,Waldis Joaquín,22,0,0,0.0,4.22,10,0,4,0,0,0,10.2,10,5,5,1,7,0,12,2,0,3,51,104,4.6,1.594,8.4,0.8,5.9,10.1,1.71,Right,No
17,2009,,Madison Bumgarner,19,0,0,0.0,1.8,4,1,1,0,0,0,10.0,8,2,2,2,3,1,10,0,0,0,40,244,4.6,1.1,7.2,1.8,2.7,9.0,3.33,Left,No
18,2009,,Dan Runzler,24,0,0,0.0,1.04,11,0,0,0,0,0,8.2,6,1,1,1,5,0,11,1,0,0,38,425,4.14,1.269,6.2,1.0,5.2,11.4,2.2,Left,No
19,2009,,Alex Hinshaw,26,0,0,0.0,12.0,9,0,3,0,0,0,6.0,10,8,8,2,7,0,2,0,0,1,33,37,10.26,2.833,15.0,3.0,10.5,3.0,0.29,Left,No
20,2009,,Osiris Matos,24,0,0,0.0,9.0,5,0,2,0,0,0,6.0,11,7,6,2,1,0,5,0,0,0,31,50,6.26,2.0,16.5,3.0,1.5,7.5,5.0,Right,No
21,2009,,Pat Misch,27,0,0,0.0,10.8,4,0,2,0,0,0,3.1,6,4,4,0,3,0,0,0,0,0,19,44,5.8,2.7,16.2,0.0,8.1,0.0,0.0,Left,No
1,2008,SP,Tim Lincecum,24,18,5,0.783,2.62,34,33,0,2,1,0,227.0,182,72,66,11,84,1,265,6,2,17,928,168,2.62,1.172,7.2,0.4,3.3,10.5,3.15,Right,No
2,2008,SP,Matt Cain,23,8,14,0.364,3.76,34,34,0,1,1,0,217.2,206,95,91,19,91,9,186,7,2,7,933,117,3.91,1.364,8.5,0.8,3.8,7.7,2.04,Right,No
3,2008,SP,Barry Zito,30,10,17,0.37,5.15,32,32,0,0,0,0,180.0,186,115,103,16,102,10,120,4,0,3,818,85,4.72,1.6,9.3,0.8,5.1,6.0,1.18,Left,No
4,2008,SP,Jonathan Sánchez,25,9,12,0.429,5.01,29,29,0,0,0,0,158.0,154,90,88,14,75,1,157,7,0,7,695,88,3.85,1.449,8.8,0.8,4.3,8.9,2.09,Left,No
5,2008,SP,Kevin Correia,27,3,8,0.273,6.05,25,19,2,0,0,0,110.0,141,80,74,15,47,3,66,4,0,5,514,73,5.1,1.709,11.5,1.2,3.8,5.4,1.4,Right,No
6,2008,CL,Brian Wilson,26,3,2,0.6,4.62,63,0,54,0,0,41,62.1,62,32,32,7,28,4,67,3,0,2,274,95,3.93,1.444,9.0,1.0,4.0,9.7,2.39,Right,No
7,2008,RP,Keiichi Yabu,39,3,6,0.333,3.57,60,0,10,0,0,0,68.0,63,33,27,3,32,4,48,8,1,5,302,123,4.06,1.397,8.3,0.4,4.2,6.4,1.5,Right,No
8,2008,RP,Tyler Walker,32,5,8,0.385,4.56,65,0,19,0,0,0,53.1,47,29,27,7,21,3,49,1,0,5,226,97,4.24,1.275,7.9,1.2,3.5,8.3,2.33,Right,No
9,2008,RP,Jack Taschner,30,3,2,0.6,4.88,67,0,7,0,0,0,48.0,57,27,26,5,24,2,39,2,0,5,227,91,4.49,1.688,10.7,0.9,4.5,7.3,1.63,Left,No
10,2008,RP,Alex Hinshaw,25,2,1,0.667,3.4,48,0,12,0,0,0,39.2,31,16,15,5,29,4,47,3,0,5,179,130,4.82,1.513,7.0,1.1,6.6,10.7,1.62,Left,No
11,2008,,Pat Misch,26,0,3,0.0,5.68,15,7,6,0,0,0,52.1,56,34,33,11,15,2,38,3,1,1,230,78,5.44,1.357,9.6,1.9,2.6,6.5,2.53,Left,No
12,2008,,Billy Sadler,26,0,1,0.0,4.06,33,0,8,0,0,0,44.1,34,21,20,6,27,4,42,8,0,8,197,109,5.37,1.376,6.9,1.2,5.5,8.5,1.56,Right,No
13,2008,,Brad Hennessey,28,1,2,0.333,7.81,17,4,4,1,0,0,40.1,63,35,35,8,15,1,21,1,0,1,196,57,5.86,1.934,14.1,1.8,3.3,4.7,1.4,Right,No
14,2008,,Sergio Romo,25,3,1,0.75,2.12,29,0,8,0,0,0,34.0,16,13,8,3,8,1,33,3,0,0,130,209,3.31,0.706,4.2,0.8,2.1,8.7,4.13,Right,No
15,2008,,Vinnie Chulk,29,0,3,0.0,4.83,27,0,9,0,0,0,31.2,33,18,17,6,8,2,16,2,0,1,139,92,5.53,1.295,9.4,1.7,2.3,4.5,2.0,Right,No
16,2008,,Osiris Matos,23,1,2,0.333,4.79,20,0,5,0,0,0,20.2,26,17,11,3,9,1,16,1,0,0,98,93,4.92,1.694,11.3,1.3,3.9,7.0,1.78,Right,No
17,2008,,Geno Espineli,25,2,0,1.0,5.06,15,0,5,0,0,0,16.0,17,10,9,5,8,2,8,0,0,2,69,88,7.69,1.563,9.6,2.8,4.5,4.5,1.0,Left,No
18,2008,,Merkin Valdez,26,1,0,1.0,1.69,17,1,3,0,0,0,16.0,14,5,3,1,7,2,13,2,1,2,69,265,4.01,1.313,7.9,0.6,3.9,7.3,1.86,Right,No
19,2008,,Matt Palmer,29,0,2,0.0,8.53,3,3,0,0,0,0,12.2,17,13,12,1,13,1,3,2,0,0,67,53,7.24,2.368,12.1,0.7,9.2,2.1,0.23,Right,No
20,2008,,Erick Threets,26,0,1,0.0,3.6,7,0,6,0,0,0,10.0,11,4,4,1,9,2,6,3,0,1,50,126,6.83,2.0,9.9,0.9,8.1,5.4,0.67,Left,No
1,2007,SP,Matt Cain,22,7,16,0.304,3.65,32,32,0,1,0,0,200.0,173,84,81,14,79,3,163,5,0,12,832,123,3.78,1.26,7.8,0.6,3.6,7.3,2.06,Right,No
2,2007,SP,Barry Zito,29,11,13,0.458,4.53,34,33,0,0,0,0,196.2,182,105,99,24,83,4,131,4,0,5,850,99,4.82,1.347,8.3,1.1,3.8,6.0,1.58,Left,No
3,2007,SP,Noah Lowry,26,14,8,0.636,3.92,26,26,0,1,0,0,156.0,155,76,68,12,87,2,87,5,0,5,694,114,4.89,1.551,8.9,0.7,5.0,5.0,1.0,Left,No
4,2007,SP,Tim Lincecum,23,7,5,0.583,4.0,24,24,0,0,0,0,146.1,122,70,65,12,65,5,150,2,0,10,618,112,3.63,1.278,7.5,0.7,4.0,9.2,2.31,Right,No
5,2007,SP,Matt Morris,32,7,7,0.5,4.35,21,21,0,3,0,0,136.2,162,79,66,12,39,3,73,5,0,1,603,103,4.28,1.471,10.7,0.8,2.6,4.8,1.87,Right,No
6,2007,CL,Brad Hennessey,27,4,5,0.444,3.42,69,0,34,0,0,19,68.1,66,26,26,7,23,1,40,3,0,2,287,132,4.54,1.302,8.7,0.9,3.0,5.3,1.74,Right,No
7,2007,RP,Kevin Correia,26,4,7,0.364,3.45,59,8,9,0,0,0,101.2,94,39,39,9,40,7,80,2,1,1,437,130,4.06,1.318,8.3,0.8,3.5,7.1,2.0,Right,No
8,2007,RP,Vinnie Chulk,28,5,4,0.556,3.57,57,0,15,0,0,0,53.0,53,22,21,3,14,2,41,2,0,2,222,126,3.33,1.264,9.0,0.5,2.4,7.0,2.93,Right,No
9,2007,RP,Jack Taschner,29,3,1,0.75,5.4,63,0,16,0,0,0,50.0,44,31,30,4,29,2,51,1,0,2,222,84,4.04,1.46,7.9,0.7,5.2,9.2,1.76,Left,No
10,2007,RP,Steve Kline,34,1,2,0.333,4.7,68,0,19,0,0,2,46.0,58,25,24,2,18,3,17,2,0,1,216,96,4.37,1.652,11.3,0.4,3.5,3.3,0.94,Left,No
11,2007,,Jonathan Sánchez,24,1,5,0.167,5.88,33,4,8,0,0,0,52.0,57,34,34,8,28,1,62,5,0,4,238,77,4.76,1.635,9.9,1.4,4.8,10.7,2.21,Left,No
12,2007,,Russ Ortiz,33,2,3,0.4,5.51,12,8,1,0,0,0,49.0,57,32,30,4,20,1,27,6,0,0,223,82,4.79,1.571,10.5,0.7,3.7,5.0,1.35,Right,No
13,2007,,Randy Messenger,25,1,3,0.25,5.09,37,0,13,0,0,1,40.2,58,23,23,4,12,3,22,1,0,1,188,89,4.4,1.721,12.8,0.9,2.7,4.9,1.83,Right,No
14,2007,,Pat Misch,25,0,4,0.0,4.24,18,4,2,0,0,0,40.1,47,21,19,3,12,2,26,2,0,0,176,107,3.96,1.463,10.5,0.7,2.7,5.8,2.17,Left,No
15,2007,,Scott Atchison,31,0,0,0.0,4.11,22,0,4,0,0,0,30.2,32,14,14,5,10,0,25,1,0,2,131,110,4.81,1.37,9.4,1.5,2.9,7.3,2.5,Right,No
16,2007,,Brian Wilson,25,1,2,0.333,2.28,24,0,9,0,0,6,23.2,16,6,6,1,7,0,18,1,0,0,93,199,3.28,0.972,6.1,0.4,2.7,6.8,2.57,Right,No
17,2007,,Armando Benítez,34,0,3,0.0,4.67,19,0,17,0,0,9,17.1,17,9,9,3,9,1,18,0,2,0,78,98,4.97,1.5,8.8,1.6,4.7,9.3,2.0,Right,No
18,2007,,Tyler Walker,31,2,0,1.0,1.26,15,0,1,0,0,0,14.1,12,2,2,0,4,1,9,0,0,0,53,365,2.82,1.116,7.5,0.0,2.5,5.7,2.25,Right,No
19,2007,,Scott Munter,27,1,1,0.5,4.22,12,0,5,0,0,0,10.2,14,5,5,0,4,0,4,0,0,0,46,110,3.62,1.688,11.8,0.0,3.4,3.4,1.0,Right,No
20,2007,,Dan Giese,30,0,2,0.0,4.82,8,0,3,0,0,0,9.1,8,5,5,4,2,0,7,0,0,0,37,96,7.95,1.071,7.7,3.9,1.9,6.8,3.5,Right,No
21,2007,,Travis Blackley,24,0,0,0.0,7.27,2,2,0,0,0,0,8.2,10,7,7,2,5,0,5,0,1,0,40,64,6.82,1.731,10.4,2.1,5.2,5.2,1.0,Left,No
22,2007,,Erick Threets,25,0,0,0.0,19.29,3,0,1,0,0,0,2.1,5,5,5,0,3,0,1,0,0,1,15,27,6.24,3.429,19.3,0.0,11.6,3.9,0.33,Left,No
1,2006,SP,Jason Schmidt,33,11,9,0.55,3.59,32,32,0,3,1,0,213.1,189,94,85,21,80,6,180,6,1,11,894,126,3.95,1.261,8.0,0.9,3.4,7.6,2.25,Right,No
2,2006,SP,Matt Morris,31,10,15,0.4,4.98,33,33,0,2,0,0,207.2,218,123,115,22,63,9,117,14,3,1,903,90,4.51,1.353,9.4,1.0,2.7,5.1,1.86,Right,No
3,2006,SP,Matt Cain,21,13,12,0.52,4.15,32,31,1,1,1,0,190.2,157,93,88,18,87,1,179,6,2,9,818,108,3.96,1.28,7.4,0.8,4.1,8.4,2.06,Right,No
4,2006,SP,Noah Lowry,25,7,10,0.412,4.74,27,27,0,1,1,0,159.1,166,89,84,21,56,2,84,6,1,2,689,95,4.97,1.393,9.4,1.2,3.2,4.7,1.5,Left,No
5,2006,SP,Jamey Wright,31,6,10,0.375,5.19,34,21,2,0,0,0,156.0,167,95,90,16,64,4,79,10,0,6,676,87,4.89,1.481,9.6,0.9,3.7,4.6,1.23,Right,No
6,2006,CL,Armando Benítez,33,4,2,0.667,3.52,41,0,33,0,0,17,38.1,39,15,15,6,21,2,31,0,0,1,171,129,5.21,1.565,9.2,1.4,4.9,7.3,1.48,Right,No
7,2006,RP,Brad Hennessey,26,5,6,0.455,4.26,34,12,9,0,0,1,99.1,92,53,47,12,42,1,42,10,0,3,428,106,5.44,1.349,8.3,1.1,3.8,3.8,1.0,Right,No
8,2006,RP,Kevin Correia,25,2,0,1.0,3.49,48,0,9,0,0,0,69.2,64,27,27,5,22,0,57,3,0,0,295,129,3.52,1.234,8.3,0.6,2.8,7.4,2.59,Right,No
9,2006,RP,Steve Kline,33,4,3,0.571,3.66,72,0,17,0,0,1,51.2,53,24,21,3,26,3,33,1,0,1,227,124,4.19,1.529,9.2,0.5,4.5,5.7,1.27,Left,No
10,2006,RP,Jeremy Accardo,24,1,3,0.25,4.91,38,0,16,0,0,3,40.1,38,23,22,2,11,3,40,1,0,2,170,92,2.7,1.215,8.5,0.4,2.5,8.9,3.64,Right,No
11,2006,,Jonathan Sánchez,23,3,1,0.75,4.95,27,4,4,0,0,0,40.0,39,26,22,2,23,0,33,4,0,2,185,92,4.17,1.55,8.8,0.5,5.2,7.4,1.43,Left,No
12,2006,,Brian Wilson,24,2,3,0.4,5.4,31,0,9,0,0,1,30.0,32,19,18,1,21,2,23,1,0,0,141,84,4.25,1.767,9.6,0.3,6.3,6.9,1.1,Right,No
13,2006,,Mike Stanton,39,4,2,0.667,3.09,26,0,15,0,0,8,23.1,23,8,8,1,6,0,18,1,0,3,94,148,3.06,1.243,8.9,0.4,2.3,6.9,3.0,Left,No
14,2006,,Scott Munter,26,0,1,0.0,8.74,27,0,11,0,0,0,22.2,30,22,22,1,18,2,7,2,0,0,110,52,5.75,2.118,11.9,0.4,7.1,2.8,0.39,Right,No
15,2006,,Vinnie Chulk,27,0,3,0.0,5.24,28,0,5,0,0,0,22.1,17,13,13,2,15,2,25,1,0,3,98,87,4.22,1.433,6.9,0.8,6.0,10.1,1.67,Right,No
16,2006,,Tim Worrell,38,3,2,0.6,7.52,23,0,12,0,0,6,20.1,28,18,17,9,7,0,12,1,0,0,99,61,8.9,1.721,12.4,4.0,3.1,5.3,1.71,Right,No
17,2006,,Jack Taschner,28,0,1,0.0,8.38,24,0,6,0,0,0,19.1,31,23,18,4,7,0,15,2,0,3,101,55,5.68,1.966,14.4,1.9,3.3,7.0,2.14,Left,No
18,2006,,Jeff Fassero,43,1,1,0.5,7.8,10,1,2,0,0,0,15.0,23,13,13,4,8,0,7,0,0,2,73,59,7.28,2.067,13.8,2.4,4.8,4.2,0.88,Left,No
19,2006,,Tyler Walker,30,0,1,0.0,15.19,6,0,1,0,0,0,5.1,9,9,9,1,5,0,3,0,0,1,28,31,7.27,2.625,15.2,1.7,8.4,5.1,0.6,Right,No
20,2006,,Billy Sadler,24,0,0,0.0,6.75,5,0,2,0,0,0,4.0,5,3,3,2,2,0,6,1,0,0,20,72,8.9,1.75,11.3,4.5,4.5,13.5,3.0,Right,No
21,2006,,Pat Misch,24,0,0,0.0,0.0,1,0,0,0,0,0,1.0,2,0,0,0,0,0,1,0,0,0,5,0,1.15,2.0,18.0,0.0,0.0,9.0,0.0,Left,No
1,2005,SP,Noah Lowry,24,13,13,0.5,3.78,33,33,0,0,0,0,204.2,193,92,86,21,76,1,172,7,0,2,875,113,3.89,1.314,8.5,0.9,3.3,7.6,2.26,Left,No
2,2005,SP,Brett Tomko,32,8,15,0.348,4.48,33,30,1,3,0,1,190.2,205,99,95,20,57,11,114,7,0,5,823,95,4.19,1.374,9.7,0.9,2.7,5.4,2.0,Right,No
3,2005,SP,Jason Schmidt,32,12,7,0.632,4.4,29,29,0,0,0,0,172.0,160,90,84,16,85,4,165,5,1,7,757,97,3.88,1.424,8.4,0.8,4.4,8.6,1.94,Right,No
4,2005,SP,Brad Hennessey,25,5,8,0.385,4.64,21,21,0,0,0,0,118.1,127,63,61,15,52,3,64,4,1,3,521,92,5.01,1.513,9.7,1.1,4.0,4.9,1.23,Right,No
5,2005,SP,Kirk Rueter,34,2,7,0.222,5.95,20,18,1,0,0,0,107.1,131,78,71,12,47,3,25,1,0,3,489,72,5.35,1.658,11.0,1.0,3.9,2.1,0.53,Left,No
6,2005,SP,Kevin Correia,24,2,5,0.286,4.63,16,11,1,0,0,0,58.1,61,31,30,12,31,2,44,4,0,2,264,93,5.99,1.577,9.4,1.9,4.8,6.8,1.42,Right,No
7,2005,CL,Tyler Walker,29,6,4,0.6,4.23,67,0,39,0,0,23,61.2,68,31,29,9,27,6,54,3,0,4,279,102,4.63,1.541,9.9,1.3,3.9,7.9,2.0,Right,No
8,2005,RP,Jeff Fassero,42,4,7,0.364,4.05,48,6,11,0,0,0,91.0,92,48,41,7,31,1,60,0,0,3,384,106,3.72,1.352,9.1,0.7,3.1,5.9,1.94,Left,No
9,2005,RP,Scott Eyre,33,2,2,0.5,2.63,86,0,15,0,0,0,68.1,48,21,20,3,26,0,65,4,0,3,277,163,3.01,1.083,6.3,0.4,3.4,8.6,2.5,Left,No
10,2005,RP,Jason Christiansen,35,6,1,0.857,5.36,56,0,10,0,0,0,42.0,48,27,25,4,15,2,17,0,0,0,188,80,4.52,1.5,10.3,0.9,3.2,3.6,1.13,Left,No
11,2005,RP,Scott Munter,25,2,0,1.0,2.56,45,0,7,0,0,0,38.2,40,15,11,1,12,1,11,1,0,1,159,168,3.8,1.345,9.3,0.2,2.8,2.6,0.92,Right,No
12,2005,,Matt Cain,20,2,1,0.667,2.33,7,7,0,1,0,0,46.1,24,12,12,4,19,1,30,0,0,1,181,185,4.08,0.928,4.7,0.8,3.7,5.8,1.58,Right,No
13,2005,,LaTroy Hawkins,32,1,4,0.2,4.1,45,0,9,0,0,2,37.1,40,18,17,3,17,3,30,0,0,1,167,105,3.82,1.527,9.6,0.7,4.1,7.2,1.76,Right,No
14,2005,,Jim Brower,32,2,1,0.667,6.53,32,0,8,0,0,1,30.1,40,22,22,5,15,0,25,2,0,2,144,66,5.2,1.813,11.9,1.5,4.5,7.4,1.67,Right,No
15,2005,,Armando Benítez,32,2,3,0.4,4.5,30,0,27,0,0,19,30.0,25,17,15,5,16,0,23,0,0,0,127,96,5.25,1.367,7.5,1.5,4.8,6.9,1.44,Right,No
16,2005,,Jeremy Accardo,23,1,5,0.167,3.94,28,0,7,0,0,0,29.2,26,13,13,2,9,1,16,1,0,1,124,110,3.83,1.18,7.9,0.6,2.7,4.9,1.78,Right,No
17,2005,,Jack Taschner,27,2,0,1.0,1.59,24,0,7,0,0,0,22.2,15,5,4,0,13,0,19,0,0,0,95,273,3.06,1.235,6.0,0.0,5.2,7.5,1.46,Left,No
18,2005,,Matt Herges,35,1,1,0.5,4.71,21,0,5,0,0,0,21.0,23,11,11,2,7,1,6,0,0,0,90,92,4.69,1.429,9.9,0.9,3.0,2.6,0.86,Right,No
19,2005,,Brian Cooper,30,0,1,0.0,3.06,8,1,3,0,0,0,17.2,15,6,6,0,8,0,7,0,0,0,73,143,3.59,1.302,7.6,0.0,4.1,3.6,0.88,Right,No
20,2005,,Jerome Williams,23,0,2,0.0,6.48,4,3,0,0,0,0,16.2,21,12,12,2,4,1,11,1,0,0,73,67,4.16,1.5,11.3,1.1,2.2,5.9,2.75,Right,No
21,2005,,Matt Kinney,28,2,0,1.0,6.0,5,1,1,0,0,0,12.0,18,8,8,2,6,0,3,1,0,0,55,73,6.44,2.0,13.5,1.5,4.5,2.3,0.5,Right,No
22,2005,,Al Levine,37,0,0,0.0,9.58,9,0,4,0,0,0,10.1,16,11,11,2,4,1,4,0,0,0,51,46,5.92,1.935,13.9,1.7,3.5,3.5,1.0,Right,No
23,2005,,Jesse Foppert,24,0,0,0.0,5.23,3,2,0,0,0,0,10.1,11,7,6,2,13,0,6,1,1,0,53,85,8.44,2.323,9.6,1.7,11.3,5.2,0.46,Right,No
24,2005,,Brandon Puffer,29,0,0,0.0,10.29,3,0,2,0,0,0,7.0,9,8,8,2,2,0,1,0,0,0,31,44,7.31,1.571,11.6,2.6,2.6,1.3,0.5,Right,No
1,2004,SP,Jason Schmidt,31,18,7,0.72,3.2,32,32,0,4,3,0,225.0,165,84,80,18,77,3,251,3,1,7,907,136,2.92,1.076,6.6,0.7,3.1,10.0,3.26,Right,No
2,2004,SP,Brett Tomko,31,11,7,0.611,4.04,32,31,1,2,1,0,194.0,196,98,87,19,64,3,108,0,0,10,825,108,4.2,1.34,9.1,0.9,3.0,5.0,1.69,Right,No
3,2004,SP,Kirk Rueter,33,9,12,0.429,4.73,33,33,0,0,0,0,190.1,225,108,100,21,66,5,56,1,0,1,840,92,4.95,1.529,10.6,1.0,3.1,2.6,0.85,Left,No
4,2004,SP,Jerome Williams,22,10,7,0.588,4.24,22,22,0,0,0,0,129.1,123,69,61,14,44,1,80,17,1,2,559,103,4.63,1.291,8.6,1.0,3.1,5.6,1.82,Right,No
5,2004,SP,Noah Lowry,23,6,0,1.0,3.82,16,14,0,2,1,0,92.0,91,41,39,10,28,1,72,0,0,2,383,115,3.81,1.293,8.9,1.0,2.7,7.0,2.57,Left,No
6,2004,CL,Matt Herges,34,4,5,0.444,5.23,70,0,43,0,0,23,65.1,90,44,38,8,21,4,39,3,0,2,301,84,4.55,1.699,12.4,1.1,2.9,5.4,1.86,Right,No
7,2004,RP,Jim Brower,31,7,7,0.5,3.29,89,0,21,0,0,1,93.0,90,42,34,6,36,2,63,4,0,10,401,133,3.82,1.355,8.7,0.6,3.5,6.1,1.75,Right,No
8,2004,RP,Scott Eyre,32,2,2,0.5,4.1,83,0,12,0,0,1,52.2,43,26,24,8,27,3,49,0,0,3,229,107,4.7,1.329,7.3,1.4,4.6,8.4,1.81,Left,No
9,2004,RP,Felix Rodriguez,31,3,5,0.375,3.43,53,0,8,0,0,0,44.2,43,18,17,7,19,2,31,4,0,4,199,128,5.24,1.388,8.7,1.4,3.8,6.2,1.63,Right,No
10,2004,RP,Jason Christiansen,34,4,3,0.571,4.5,60,0,11,0,0,3,36.0,34,20,18,3,26,1,22,3,0,3,167,98,5.33,1.667,8.5,0.8,6.5,5.5,0.85,Left,No
11,2004,,Dustin Hermanson,31,6,9,0.4,4.53,47,18,26,0,0,17,131.0,132,71,66,15,46,5,102,3,0,4,565,96,4.1,1.359,9.1,1.0,3.2,7.0,2.22,Right,No
12,2004,,Tyler Walker,28,5,1,0.833,4.24,52,0,13,0,0,1,63.2,69,31,30,8,24,1,48,1,0,1,275,103,4.35,1.461,9.8,1.1,3.4,6.8,2.0,Right,No
13,2004,,Wayne Franklin,30,2,1,0.667,6.39,43,2,8,0,0,0,50.2,55,37,36,11,22,2,40,3,0,0,227,69,5.77,1.52,9.8,2.0,3.9,7.1,1.82,Left,No
14,2004,,Brad Hennessey,24,2,2,0.5,4.98,7,7,0,0,0,0,34.1,42,24,19,2,15,1,25,0,0,1,163,88,3.66,1.66,11.0,0.5,3.9,6.6,1.67,Right,No
15,2004,,Kevin Correia,23,0,1,0.0,8.05,12,1,5,0,0,0,19.0,25,20,17,3,10,0,14,1,0,0,92,55,5.36,1.842,11.8,1.4,4.7,6.6,1.4,Right,No
16,2004,,Brian Cooper,29,0,2,0.0,8.78,5,2,0,0,0,0,13.1,15,13,13,4,5,1,7,1,0,1,61,51,7.25,1.5,10.1,2.7,3.4,4.7,1.4,Right,No
17,2004,,David Aardsma,22,1,0,1.0,6.75,11,0,5,0,0,0,10.2,20,8,8,1,10,0,5,2,0,0,61,67,6.71,2.813,16.9,0.8,8.4,4.2,0.5,Right,No
18,2004,,Dave Burba,37,1,0,1.0,5.68,6,0,1,0,0,0,6.1,7,4,4,1,2,0,3,0,0,1,27,81,5.1,1.421,9.9,1.4,2.8,4.3,1.5,Right,No
19,2004,,Kevin Walker,27,0,0,0.0,16.2,5,0,0,0,0,0,1.2,3,3,3,1,2,0,1,1,0,0,10,33,15.05,3.0,16.2,5.4,10.8,5.4,0.5,Left,No
20,2004,,Merkin Valdez,22,0,0,0.0,27.0,2,0,0,0,0,0,1.2,4,5,5,1,3,0,2,0,0,0,12,20,13.85,4.2,21.6,5.4,16.2,10.8,0.67,Right,No
21,2004,,Leo Estrella,29,0,0,0.0,27.0,2,0,0,0,0,0,1.1,8,4,4,0,1,0,0,0,0,0,13,20,5.3,6.75,54.0,0.0,6.8,0.0,0.0,Right,No
22,2004,,Jesse Foppert,23,0,0,0.0,0.0,1,0,0,0,0,0,1.0,1,0,0,0,0,0,2,0,0,0,4,0,-0.95,1.0,9.0,0.0,0.0,18.0,0.0,Right,No
1,2003,SP,Jason Schmidt,30,17,5,0.773,2.34,29,29,0,5,3,0,207.2,152,56,54,14,46,1,208,5,1,7,819,180,2.64,0.953,6.6,0.6,2.0,9.0,4.52,Right,No
2,2003,SP,Kirk Rueter,32,10,5,0.667,4.53,27,27,0,0,0,0,147.0,170,77,74,14,47,2,41,1,0,0,632,93,4.69,1.476,10.4,0.9,2.9,2.5,0.87,Left,No
3,2003,SP,Jerome Williams,21,7,5,0.583,3.3,21,21,0,2,1,0,131.0,116,54,48,10,49,3,88,7,1,2,545,128,3.96,1.26,8.0,0.7,3.4,6.0,1.8,Right,No
4,2003,SP,Damian Moss,26,9,7,0.563,4.7,21,20,0,0,0,0,115.0,121,62,60,12,63,3,57,5,3,11,518,90,5.17,1.6,9.5,0.9,4.9,4.5,0.9,Left,No
5,2003,SP,Jesse Foppert,22,8,9,0.471,5.03,23,21,0,0,0,0,111.0,103,69,62,16,69,4,101,3,0,12,500,84,5.03,1.55,8.4,1.3,5.6,8.2,1.46,Right,No
6,2003,SP,Kurt Ainsworth,24,5,4,0.556,3.82,11,11,0,0,0,0,66.0,66,31,28,7,26,0,48,1,0,2,283,111,4.18,1.394,9.0,1.0,3.5,6.5,1.85,Right,No
7,2003,CL,Tim Worrell,35,4,4,0.5,2.87,76,0,64,0,0,38,78.1,74,35,25,5,28,6,65,0,0,5,335,147,3.27,1.302,8.5,0.6,3.2,7.5,2.32,Right,No
8,2003,RP,Jim Brower,30,8,5,0.615,3.96,51,5,13,0,0,2,100.0,90,48,44,8,39,2,65,1,0,4,411,106,3.97,1.29,8.1,0.7,3.5,5.9,1.67,Right,No
9,2003,RP,Joe Nathan,28,12,4,0.75,2.96,78,0,9,0,0,0,79.0,51,26,26,7,33,3,83,3,1,4,316,142,3.45,1.063,5.8,0.8,3.8,9.5,2.52,Right,No
10,2003,RP,Felix Rodriguez,30,8,2,0.8,3.1,68,0,24,0,0,2,61.0,59,21,21,5,29,2,46,4,1,5,265,136,4.21,1.443,8.7,0.7,4.3,6.8,1.59,Right,No
11,2003,RP,Scott Eyre,31,2,1,0.667,3.32,74,0,10,0,0,1,57.0,60,23,21,4,26,0,35,1,0,6,256,127,4.14,1.509,9.5,0.6,4.1,5.5,1.35,Left,No
12,2003,,Sidney Ponson,26,3,6,0.333,3.71,10,10,0,0,0,0,68.0,64,29,28,6,18,3,34,1,0,3,276,114,4.02,1.206,8.5,0.8,2.4,4.5,1.89,Right,No
13,2003,,Chad Zerbe,31,1,1,0.5,4.71,33,1,14,0,0,0,49.2,60,26,26,3,14,2,17,1,0,1,218,90,4.04,1.49,10.9,0.5,2.5,3.1,1.21,Left,No
14,2003,,Kevin Correia,22,3,1,0.75,3.66,10,7,1,0,0,0,39.1,41,16,16,6,18,1,28,4,0,2,173,116,5.27,1.5,9.4,1.4,4.1,6.4,1.56,Right,No
15,2003,,Dustin Hermanson,30,2,1,0.667,3.0,9,6,2,0,0,0,39.0,35,14,13,5,10,2,27,2,0,2,162,141,4.24,1.154,8.1,1.2,2.3,6.2,2.7,Right,No
16,2003,,Matt Herges,33,1,0,1.0,2.31,27,0,3,0,0,0,35.0,28,11,9,1,9,0,28,1,1,0,140,183,2.66,1.057,7.2,0.3,2.3,7.2,3.11,Right,No
17,2003,,Jason Christiansen,33,0,0,0.0,5.19,40,0,7,0,0,0,26.0,25,15,15,3,11,0,22,1,0,2,115,82,4.22,1.385,8.7,1.0,3.8,7.6,2.0,Left,No
18,2003,,Ryan Jensen,27,0,0,0.0,10.8,6,2,3,0,0,0,13.1,21,16,16,6,5,0,3,1,0,0,64,40,9.78,1.95,14.2,4.1,3.4,2.0,0.6,Right,No
19,2003,,Noah Lowry,22,0,0,0.0,0.0,4,0,3,0,0,0,6.1,1,0,0,0,2,0,5,1,0,0,24,0,2.87,0.474,1.4,0.0,2.8,7.1,2.5,Left,No
20,2003,,Brian Powell,29,0,1,0.0,13.5,1,1,0,0,0,0,4.2,8,7,7,3,1,0,3,0,0,0,22,34,10.75,1.929,15.4,5.8,1.9,5.8,3.0,Right,No
21,2003,,Manny Aybar,31,0,0,0.0,6.0,3,0,1,0,0,0,3.0,4,2,2,1,3,0,2,0,0,0,16,79,9.03,2.333,12.0,3.0,9.0,6.0,0.67,Right,No
1,2002,SP,Liván Hernández,27,12,16,0.429,4.38,33,33,0,5,3,0,216.0,233,113,105,19,71,5,134,4,1,1,921,89,3.91,1.407,9.7,0.8,3.0,5.6,1.89,Right,No
2,2002,SP,Russ Ortiz,28,14,10,0.583,3.61,33,33,0,2,0,0,214.1,191,89,86,15,94,5,137,4,0,5,911,107,3.97,1.33,8.0,0.6,3.9,5.8,1.46,Right,No
3,2002,SP,Kirk Rueter,31,14,8,0.636,3.23,33,33,0,0,0,0,203.2,204,83,73,22,54,7,76,1,0,3,846,120,4.43,1.267,9.0,1.0,2.4,3.4,1.41,Left,No
4,2002,SP,Jason Schmidt,29,13,8,0.619,3.45,29,29,0,2,2,0,185.1,148,78,71,15,73,1,196,2,0,12,769,112,3.11,1.192,7.2,0.7,3.5,9.5,2.68,Right,No
5,2002,SP,Ryan Jensen,26,13,8,0.619,4.51,32,30,0,1,0,0,171.2,183,93,86,21,66,4,105,5,0,3,744,86,4.57,1.45,9.6,1.1,3.5,5.5,1.59,Right,No
6,2002,CL,Robb Nen,32,6,2,0.75,2.2,68,0,66,0,0,43,73.2,64,19,18,2,20,8,81,1,0,1,301,177,1.97,1.14,7.8,0.2,2.4,9.9,4.05,Right,No
7,2002,RP,Tim Worrell,34,8,2,0.8,2.25,80,0,23,0,0,0,72.0,55,21,18,3,30,2,55,0,0,0,296,173,3.23,1.181,6.9,0.4,3.8,6.9,1.83,Right,No
8,2002,RP,Felix Rodriguez,29,8,6,0.571,4.17,71,0,12,0,0,0,69.0,53,33,32,5,29,1,58,4,0,4,288,93,3.66,1.188,6.9,0.7,3.8,7.6,2.0,Right,No
9,2002,RP,Jay Witasick,29,1,0,1.0,2.37,44,0,9,0,0,0,68.1,58,19,18,3,21,3,54,4,0,3,276,164,3.05,1.156,7.6,0.4,2.8,7.1,2.57,Right,No
10,2002,RP,Chad Zerbe,30,2,0,1.0,3.04,50,0,16,0,0,0,56.1,52,22,19,3,21,2,26,4,0,1,240,128,4.06,1.296,8.3,0.5,3.4,4.2,1.24,Left,No
11,2002,,Aaron Fultz,28,2,2,0.5,4.79,43,0,12,0,0,0,41.1,47,22,22,4,19,3,31,3,0,1,185,82,4.32,1.597,10.2,0.9,4.1,6.8,1.63,Left,No
12,2002,,Kurt Ainsworth,23,1,2,0.333,2.1,6,4,0,0,0,0,25.2,22,7,6,1,12,0,15,1,0,1,108,187,3.82,1.325,7.7,0.4,4.2,5.3,1.25,Right,No
13,2002,,Manny Aybar,30,1,0,1.0,2.51,15,0,4,0,0,0,14.1,16,6,4,1,3,2,11,1,1,0,63,158,3.17,1.326,10.0,0.6,1.9,6.9,3.67,Right,No
14,2002,,Scott Eyre,30,0,0,0.0,1.59,21,0,3,0,0,0,11.1,11,4,2,0,7,1,7,0,0,1,50,252,3.58,1.588,8.7,0.0,5.6,5.6,1.0,Left,No
15,2002,,Troy Brohawn,29,0,1,0.0,6.35,11,0,2,0,0,0,5.2,5,4,4,1,1,0,3,2,0,0,25,65,5.79,1.059,7.9,1.6,1.6,4.8,3.0,Left,No
16,2002,,Jason Christiansen,32,0,1,0.0,5.4,6,0,2,0,0,0,5.0,6,3,3,1,2,0,1,0,0,0,21,77,6.36,1.6,10.8,1.8,3.6,1.8,0.5,Left,No
17,2002,,Joe Nathan,27,0,0,0.0,0.0,4,0,3,0,0,0,3.2,1,0,0,0,0,0,2,0,0,0,12,0,1.87,0.273,2.5,0.0,0.0,4.9,0.0,Right,No
1,2001,SP,Liván Hernández,26,13,15,0.464,5.24,34,34,0,2,0,0,226.2,266,143,132,24,85,7,138,3,0,7,1008,76,4.37,1.549,10.6,1.0,3.4,5.5,1.62,Right,No
2,2001,SP,Russ Ortiz,27,17,9,0.654,3.29,33,33,0,1,1,0,218.2,187,90,80,13,91,3,169,0,1,8,911,121,3.52,1.271,7.7,0.5,3.7,7.0,1.86,Right,No
3,2001,SP,Kirk Rueter,30,14,12,0.538,4.42,34,34,0,0,0,0,195.1,213,105,96,25,66,4,83,4,0,1,840,90,4.94,1.428,9.8,1.2,3.0,3.8,1.26,Left,No
4,2001,SP,Shawn Estes,28,9,8,0.529,4.02,27,27,0,0,0,0,159.0,151,78,71,11,77,7,109,5,2,10,693,99,4.12,1.434,8.5,0.6,4.4,6.2,1.42,Left,No
5,2001,SP,Mark Gardner,39,5,5,0.5,5.4,23,15,2,0,0,0,91.2,93,57,55,17,34,3,53,3,0,0,398,74,5.51,1.385,9.1,1.7,3.3,5.2,1.56,Right,No
6,2001,SP,Jason Schmidt,28,7,1,0.875,3.39,11,11,0,0,0,0,66.1,57,29,25,2,33,1,65,0,0,5,284,118,2.97,1.357,7.7,0.3,4.5,8.8,1.97,Right,No
7,2001,CL,Robb Nen,31,4,5,0.444,3.01,79,0,71,0,0,45,77.2,58,28,26,6,22,6,93,1,0,2,312,132,2.55,1.03,6.7,0.7,2.5,10.8,4.23,Right,No
8,2001,RP,Felix Rodriguez,28,9,1,0.9,1.68,80,0,13,0,0,0,80.1,53,16,15,5,27,2,91,1,0,1,314,237,2.64,0.996,5.9,0.6,3.0,10.2,3.37,Right,No
9,2001,RP,Tim Worrell,33,2,5,0.286,3.45,73,0,12,0,0,0,78.1,71,33,30,4,33,4,63,3,0,2,339,116,3.48,1.328,8.2,0.5,3.8,7.2,1.91,Right,No
10,2001,RP,Aaron Fultz,27,3,1,0.75,4.56,66,0,17,0,0,1,71.0,70,40,36,9,21,3,67,1,0,1,300,87,3.74,1.282,8.9,1.1,2.7,8.5,3.19,Left,No
11,2001,RP,Brian Boehringer,32,0,3,0.0,4.19,29,0,9,0,0,1,34.1,32,20,16,4,17,5,27,2,0,0,156,96,4.65,1.427,8.4,1.0,4.5,7.1,1.59,Right,No
12,2001,,Ryan Jensen,25,1,2,0.333,4.25,10,7,2,0,0,0,42.1,44,21,20,5,25,0,26,4,0,2,193,94,5.41,1.63,9.4,1.1,5.3,5.5,1.04,Right,No
13,2001,,Chad Zerbe,29,3,0,1.0,3.92,27,1,9,0,0,0,39.0,41,21,17,3,10,0,22,1,0,2,162,102,3.77,1.308,9.5,0.7,2.3,5.1,2.2,Left,No
14,2001,,Ryan Vogelsong,23,0,3,0.0,5.65,13,0,8,0,0,0,28.2,29,21,18,5,14,0,17,2,0,2,130,71,5.8,1.5,9.1,1.6,4.4,5.3,1.21,Right,No
15,2001,,Alan Embree,31,0,2,0.0,11.25,22,0,7,0,0,0,20.0,34,26,25,7,10,2,25,2,0,1,106,36,6.9,2.2,15.3,3.2,4.5,11.3,2.5,Left,No
16,2001,,Jason Christiansen,31,1,0,1.0,1.59,25,0,3,0,0,0,17.0,14,3,3,1,5,0,12,0,0,4,66,256,3.28,1.118,7.4,0.5,2.6,6.4,2.4,Left,No
17,2001,,Wayne Gomes,28,2,0,1.0,8.4,13,0,4,0,0,0,15.0,21,14,14,3,7,2,17,0,0,2,70,48,4.78,1.867,12.6,1.8,4.2,10.2,2.43,Right,No
18,2001,,Kurt Ainsworth,22,0,0,0.0,13.5,2,0,2,0,0,0,2.0,3,3,3,1,2,0,3,1,0,0,12,35,11.05,2.5,13.5,4.5,9.0,13.5,1.5,Right,No
1,2000,SP,Liván Hernández,25,17,11,0.607,3.75,33,33,0,5,2,0,240.0,254,114,100,22,73,3,165,4,0,3,1030,114,3.91,1.363,9.5,0.8,2.7,6.2,2.26,Right,No
2,2000,SP,Russ Ortiz,26,14,12,0.538,5.01,33,32,0,0,0,0,195.2,192,117,109,28,112,1,167,7,0,8,871,85,5.11,1.554,8.8,1.3,5.2,7.7,1.49,Right,No
3,2000,SP,Shawn Estes,27,15,6,0.714,4.26,30,30,0,4,2,0,190.1,194,99,90,11,108,1,136,3,0,11,829,100,4.21,1.587,9.2,0.5,5.1,6.4,1.26,Left,No
4,2000,SP,Kirk Rueter,29,11,9,0.55,3.96,32,31,0,0,0,0,184.0,205,92,81,23,62,5,71,2,0,1,799,108,5.03,1.451,10.0,1.1,3.0,3.5,1.15,Left,No
5,2000,SP,Mark Gardner,38,11,7,0.611,4.05,30,20,3,0,0,0,149.0,155,72,67,16,42,2,92,5,1,2,634,106,4.24,1.322,9.4,1.0,2.5,5.6,2.19,Right,No
6,2000,SP,Joe Nathan,25,5,2,0.714,5.21,20,15,0,0,0,0,93.1,89,63,54,12,63,4,61,4,0,5,426,82,5.65,1.629,8.6,1.2,6.1,5.9,0.97,Right,No
7,2000,CL,Robb Nen,30,4,3,0.571,1.5,68,0,63,0,0,41,66.0,37,15,11,4,19,1,92,2,0,5,256,286,2.09,0.848,5.0,0.5,2.6,12.5,4.84,Right,No
8,2000,RP,Felix Rodriguez,27,4,2,0.667,2.64,76,0,19,0,0,3,81.2,65,29,24,5,42,2,95,3,1,3,346,162,3.26,1.31,7.2,0.6,4.6,10.5,2.26,Right,No
9,2000,RP,Aaron Fultz,26,5,2,0.714,4.67,58,0,18,0,0,1,69.1,67,38,36,8,28,0,62,3,2,0,299,92,4.19,1.37,8.7,1.0,3.6,8.0,2.21,Left,No
10,2000,RP,Alan Embree,30,3,5,0.375,4.95,63,0,21,0,0,2,60.0,62,34,33,4,25,2,49,3,0,1,263,87,3.77,1.45,9.3,0.6,3.8,7.4,1.96,Left,No
11,2000,RP,John Johnstone,31,3,4,0.429,6.3,47,0,9,0,0,0,50.0,64,35,35,11,13,2,37,2,0,0,222,68,5.41,1.54,11.5,2.0,2.3,6.7,2.85,Right,No
12,2000,,Doug Henry,36,3,1,0.75,2.49,27,0,8,0,0,0,25.1,18,10,7,2,21,1,16,1,0,1,110,174,5.5,1.539,6.4,0.7,7.5,5.7,0.76,Right,No
13,2000,,Miguel Del Toro,28,2,0,1.0,5.19,9,1,4,0,0,0,17.1,17,10,10,3,6,2,16,2,0,2,77,84,4.92,1.327,8.8,1.6,3.1,8.3,2.67,Right,No
14,2000,,Ben Weber,30,0,1,0.0,14.63,9,0,2,0,0,0,8.0,16,13,13,0,4,0,6,0,0,1,44,30,3.13,2.5,18.0,0.0,4.5,6.8,1.5,Right,No
15,2000,,Chad Zerbe,28,0,0,0.0,4.5,4,0,2,0,0,0,6.0,6,3,3,1,1,0,5,0,0,0,24,100,4.13,1.167,9.0,1.5,1.5,7.5,5.0,Left,No
16,2000,,Ryan Vogelsong,22,0,0,0.0,0.0,4,0,3,0,0,0,6.0,4,0,0,0,2,0,6,0,0,0,24,0,2.13,1.0,6.0,0.0,3.0,9.0,3.0,Right,No
17,2000,,Scott Linebrink,23,0,0,0.0,11.57,3,0,1,0,0,0,2.1,7,3,3,1,2,0,0,0,0,0,16,43,11.28,3.857,27.0,3.9,7.7,0.0,0.0,Right,No
1,1999,SP,Russ Ortiz,25,18,9,0.667,3.81,33,33,0,3,0,0,207.2,189,109,88,24,125,5,164,6,0,13,922,113,4.95,1.512,8.2,1.0,5.4,7.1,1.31,Right,No
2,1999,SP,Shawn Estes,26,11,11,0.5,4.92,32,32,0,1,1,0,203.0,209,121,111,21,112,2,159,5,1,15,914,87,4.64,1.581,9.3,0.9,5.0,7.0,1.42,Left,No
3,1999,SP,Kirk Rueter,28,15,10,0.6,5.41,33,33,0,1,0,0,184.2,219,118,111,28,55,2,94,2,0,2,804,80,5.01,1.484,10.7,1.4,2.7,4.6,1.71,Left,No
4,1999,SP,Mark Gardner,37,5,11,0.313,6.47,29,21,2,1,0,0,139.0,142,103,100,27,57,2,86,8,1,3,613,66,5.82,1.432,9.2,1.7,3.7,5.6,1.51,Right,No
5,1999,SP,Chris Brock,29,6,8,0.429,5.48,19,19,0,0,0,0,106.2,124,69,65,18,41,2,76,4,2,8,479,79,5.17,1.547,10.5,1.5,3.5,6.4,1.85,Right,No
6,1999,SP,Joe Nathan,24,7,4,0.636,4.18,19,14,2,0,0,1,90.1,84,45,42,17,46,0,54,1,0,2,395,103,5.95,1.439,8.4,1.7,4.6,5.4,1.17,Right,No
7,1999,CL,Robb Nen,29,3,8,0.273,3.98,72,0,64,0,0,37,72.1,79,36,32,8,27,3,77,0,0,5,320,108,3.56,1.465,9.8,1.0,3.4,9.6,2.85,Right,No
8,1999,RP,John Johnstone,30,4,6,0.4,2.6,62,0,11,0,0,3,65.2,48,24,19,8,20,5,56,1,1,2,262,166,3.97,1.036,6.6,1.1,2.7,7.7,2.8,Right,No
9,1999,RP,Alan Embree,29,3,2,0.6,3.38,68,0,13,0,0,0,58.2,42,22,22,6,26,2,53,3,0,3,244,128,4.14,1.159,6.4,0.9,4.0,8.1,2.04,Left,No
10,1999,RP,Jerry Spradlin,32,3,1,0.75,4.19,59,0,14,0,0,0,58.0,59,31,27,4,29,6,52,10,0,2,268,103,4.25,1.517,9.2,0.6,4.5,8.1,1.79,Right,No
11,1999,RP,Rich Rodriguez,36,3,0,1.0,5.24,62,0,8,0,0,0,56.2,60,33,33,8,28,5,44,1,0,1,255,82,4.95,1.553,9.5,1.3,4.4,7.0,1.57,Left,No
12,1999,,Felix Rodriguez,26,2,3,0.4,3.8,47,0,26,0,0,0,66.1,67,32,28,6,29,2,55,2,0,2,292,114,4.05,1.447,9.1,0.8,3.9,7.5,1.9,Right,No
13,1999,,Liván Hernández,24,3,3,0.5,4.38,10,10,0,0,0,0,63.2,66,32,31,6,21,2,47,0,1,0,274,99,3.87,1.366,9.3,0.8,3.0,6.6,2.24,Right,No
14,1999,,Julian Tavarez,26,2,0,1.0,5.93,47,0,12,0,0,0,54.2,65,38,36,7,25,3,33,8,1,4,258,73,5.4,1.646,10.7,1.2,4.1,5.4,1.32,Right,No
15,1999,,Miguel Del Toro,27,0,0,0.0,4.18,14,0,2,0,0,0,23.2,24,11,11,5,11,0,20,0,0,0,102,104,5.58,1.479,9.1,1.9,4.2,7.6,1.82,Right,No
16,1999,,Bronswell Patrick,28,1,0,1.0,10.13,6,0,2,0,0,1,5.1,9,7,6,1,3,0,6,0,0,0,28,45,5.01,2.25,15.2,1.7,5.1,10.1,2.0,Right,No
1,1998,SP,Mark Gardner,36,13,6,0.684,4.33,33,33,0,4,2,0,212.0,203,106,102,29,65,5,151,6,1,5,886,93,4.5,1.264,8.6,1.2,2.8,6.4,2.32,Right,No
2,1998,SP,Orel Hershiser,39,11,10,0.524,4.41,34,34,0,0,0,0,202.0,200,105,99,22,85,7,126,13,0,12,887,91,4.76,1.411,8.9,1.0,3.8,5.6,1.48,Right,No
3,1998,SP,Kirk Rueter,27,16,9,0.64,4.36,33,33,0,1,0,0,187.2,193,100,91,27,57,3,102,7,0,6,806,92,4.95,1.332,9.3,1.3,2.7,4.9,1.79,Left,No
4,1998,SP,Shawn Estes,25,7,12,0.368,5.06,25,25,0,1,1,0,149.1,150,89,84,14,80,6,136,5,1,6,661,80,4.24,1.54,9.0,0.8,4.8,8.2,1.7,Left,No
5,1998,SP,Danny Darwin,42,8,10,0.444,5.51,33,25,2,0,0,0,148.2,176,97,91,23,49,4,81,3,0,4,660,73,5.11,1.513,10.7,1.4,3.0,4.9,1.65,Right,No
6,1998,SP,Russ Ortiz,24,4,4,0.5,4.99,22,13,3,0,0,0,88.1,90,51,49,11,46,1,75,4,0,3,394,81,4.76,1.54,9.2,1.1,4.7,7.6,1.63,Right,No
7,1998,CL,Robb Nen,28,7,7,0.5,1.52,78,0,67,0,0,40,88.2,59,21,15,4,25,5,110,1,0,3,357,266,2.12,0.947,6.0,0.4,2.5,11.2,4.4,Right,No
8,1998,RP,John Johnstone,29,6,5,0.545,3.07,70,0,13,0,0,0,88.0,72,32,30,10,38,8,86,1,0,4,370,132,3.99,1.25,7.4,1.0,3.9,8.8,2.26,Right,No
9,1998,RP,Julian Tavarez,25,5,3,0.625,3.8,60,0,12,0,0,1,85.1,96,41,36,5,36,11,52,8,1,1,374,106,4.23,1.547,10.1,0.5,3.8,5.5,1.44,Right,No
10,1998,RP,Rich Rodriguez,35,4,0,1.0,3.7,68,0,11,0,0,2,65.2,69,28,27,7,20,5,44,0,0,3,278,109,4.1,1.355,9.5,1.0,2.7,6.0,2.2,Left,No
11,1998,RP,Steve Reed,33,2,1,0.667,1.48,50,0,14,0,0,1,54.2,30,10,9,4,19,5,50,4,0,0,213,274,3.52,0.896,4.9,0.7,3.1,8.2,2.63,Right,No
12,1998,,Jim Poole,32,1,3,0.25,5.29,26,0,8,0,0,0,32.1,38,20,19,5,9,5,16,0,0,2,140,77,4.99,1.454,10.6,1.4,2.5,4.5,1.78,Left,No
13,1998,,Jose Mesa,32,5,3,0.625,3.52,32,0,18,0,0,0,30.2,30,14,12,1,18,2,28,0,0,8,139,116,3.5,1.565,8.8,0.3,5.3,8.2,1.56,Right,No
14,1998,,Chris Brock,28,0,0,0.0,3.9,13,0,4,0,0,0,27.2,31,13,12,3,7,1,19,0,0,0,120,105,3.93,1.373,10.1,1.0,2.3,6.2,2.71,Right,No
15,1998,,Alvin Morman,29,0,1,0.0,5.14,9,0,3,0,0,0,7.0,8,4,4,4,3,0,7,0,0,0,32,83,9.85,1.571,10.3,5.1,3.9,9.0,2.33,Left,No
16,1998,,Dean Hartgraves,31,0,0,0.0,9.53,5,0,1,0,0,0,5.2,10,7,6,1,4,0,4,0,0,1,32,45,6.14,2.471,15.9,1.6,6.4,6.4,1.0,Left,No
17,1998,,Cory Bailey,27,0,0,0.0,2.7,5,0,1,0,0,0,3.1,2,1,1,1,1,0,2,0,0,0,13,166,6.74,0.9,5.4,2.7,2.7,5.4,2.0,Right,No
1,1997,SP,Shawn Estes,24,19,5,0.792,3.18,32,32,0,3,2,0,201.0,162,80,71,12,100,2,181,8,2,10,849,130,3.7,1.303,7.3,0.5,4.5,8.1,1.81,Left,No
2,1997,SP,Kirk Rueter,26,13,6,0.684,3.45,32,32,0,0,0,0,190.2,194,83,73,17,51,8,115,1,0,3,802,120,3.88,1.285,9.2,0.8,2.4,5.4,2.25,Left,No
3,1997,SP,Mark Gardner,35,12,9,0.571,4.29,30,30,0,2,1,0,180.1,188,92,86,28,57,6,136,1,3,3,764,96,4.58,1.359,9.4,1.4,2.8,6.8,2.39,Right,No
4,1997,SP,William VanLandingham,26,4,7,0.364,4.96,18,17,1,0,0,0,89.0,80,56,49,11,59,3,52,0,2,9,403,84,5.54,1.562,8.1,1.1,6.0,5.3,0.88,Right,No
5,1997,SP,Wilson Álvarez,27,4,3,0.571,4.48,11,11,0,0,0,0,66.1,54,36,33,9,36,3,69,1,1,1,283,93,4.47,1.357,7.3,1.2,4.9,9.4,1.92,Left,No
6,1997,SP,Osvaldo Fernández,30,3,4,0.429,4.95,11,11,0,0,0,0,56.1,74,39,31,9,15,2,31,0,1,2,256,84,4.88,1.58,11.8,1.4,2.4,5.0,2.07,Right,No
7,1997,CL,Rod Beck,28,7,4,0.636,3.47,73,0,66,0,0,37,70.0,67,31,27,7,8,2,53,2,0,1,281,119,3.32,1.071,8.6,0.9,1.0,6.8,6.63,Right,No
8,1997,RP,Julian Tavarez,24,6,4,0.6,3.87,89,0,13,0,0,0,88.1,91,43,38,6,34,5,38,4,0,4,378,107,4.42,1.415,9.3,0.6,3.5,3.9,1.12,Right,No
9,1997,RP,Doug Henry,33,4,5,0.444,4.71,75,0,25,0,0,3,70.2,70,45,37,5,41,6,69,1,0,3,317,88,3.86,1.571,8.9,0.6,5.2,8.8,1.68,Right,No
10,1997,RP,Rich Rodriguez,34,4,3,0.571,3.17,71,0,15,0,0,1,65.1,65,24,23,7,21,4,32,1,0,0,271,131,4.53,1.316,9.0,1.0,2.9,4.4,1.52,Left,No
11,1997,RP,Jim Poole,31,3,1,0.75,7.11,63,0,11,0,0,0,49.1,73,44,39,6,25,4,26,4,0,5,242,58,5.4,1.986,13.3,1.1,4.6,4.7,1.04,Left,No
12,1997,,Joe Roa,25,2,5,0.286,5.21,28,3,4,0,0,0,65.2,86,40,38,8,20,5,34,2,1,0,289,80,4.66,1.614,11.8,1.1,2.7,4.7,1.7,Right,No
13,1997,,Keith Foulke,24,1,5,0.167,8.26,11,8,0,0,0,0,44.2,60,41,41,9,18,1,33,4,0,1,209,50,5.73,1.746,12.1,1.8,3.6,6.6,1.83,Right,No
14,1997,,Danny Darwin,41,1,3,0.25,4.91,10,7,0,0,0,0,44.0,51,26,24,5,14,0,30,1,0,0,196,85,4.25,1.477,10.4,1.0,2.9,6.1,2.14,Right,No
15,1997,,Pat Rapp,29,1,2,0.333,6.0,8,6,0,0,0,0,33.0,37,24,22,5,21,1,28,2,0,3,154,69,5.47,1.758,10.1,1.4,5.7,7.6,1.33,Right,No
16,1997,,Roberto Hernández,32,5,2,0.714,2.48,28,0,7,0,0,4,32.2,29,9,9,2,14,1,35,0,0,1,137,168,3.05,1.316,8.0,0.6,3.9,9.6,2.5,Right,No
17,1997,,Terry Mulholland,34,0,1,0.0,5.16,15,2,5,0,0,0,29.2,28,21,17,4,6,1,25,2,0,1,126,81,3.99,1.146,8.5,1.2,1.8,7.6,4.17,Left,No
18,1997,,John Johnstone,28,0,0,0.0,3.38,13,0,2,0,0,0,18.2,15,7,7,1,7,0,15,4,0,0,80,127,3.97,1.179,7.2,0.5,3.4,7.2,2.14,Right,No
19,1997,,Dan Carlson,27,0,0,0.0,7.63,6,0,2,0,0,0,15.1,20,14,13,5,8,1,14,0,0,0,72,55,7.09,1.826,11.7,2.9,4.7,8.2,1.75,Right,No
20,1997,,Doug Creek,28,1,2,0.333,6.75,3,3,0,0,0,0,13.1,12,12,10,1,14,0,14,0,0,0,64,63,5.13,1.95,8.1,0.7,9.5,9.5,1.0,Left,No
21,1997,,René Arocha,33,0,0,0.0,11.32,6,0,2,0,0,0,10.1,17,14,13,2,5,2,7,1,0,0,54,38,6.01,2.129,14.8,1.7,4.4,6.1,1.4,Right,No
22,1997,,Cory Bailey,26,0,1,0.0,8.38,7,0,4,0,0,0,9.2,15,9,9,1,4,0,5,0,0,0,45,51,4.66,1.966,14.0,0.9,3.7,4.7,1.25,Right,No
23,1997,,Rich DeLucia,32,0,0,0.0,10.8,3,0,0,0,0,0,1.2,6,3,2,0,0,0,2,0,0,1,12,47,0.71,3.6,32.4,0.0,0.0,10.8,0.0,Right,No
1,1996,SP,Allen Watson,25,8,12,0.4,4.61,29,29,0,2,0,0,185.2,189,105,95,28,69,2,128,5,2,9,793,88,4.95,1.39,9.2,1.4,3.3,6.2,1.86,Left,No
2,1996,SP,William VanLandingham,25,9,14,0.391,5.4,32,32,0,0,0,0,181.2,196,123,109,17,78,6,97,9,2,7,810,75,4.76,1.508,9.7,0.8,3.9,4.8,1.24,Right,No
3,1996,SP,Mark Gardner,34,12,7,0.632,4.42,30,28,0,4,1,0,179.1,200,105,88,28,57,3,145,8,0,2,782,92,4.67,1.433,10.0,1.4,2.9,7.3,2.54,Right,No
4,1996,SP,Osvaldo Fernández,29,7,13,0.35,4.61,30,28,1,2,0,0,171.2,193,95,88,20,57,4,106,10,2,6,760,88,4.62,1.456,10.1,1.0,3.0,5.6,1.86,Right,No
5,1996,SP,Mark Leiter,33,4,10,0.286,5.19,23,22,0,1,0,0,135.1,151,93,78,25,50,7,118,9,3,2,602,78,5.14,1.485,10.0,1.7,3.3,7.8,2.36,Right,No
6,1996,SP,Shawn Estes,23,3,5,0.375,3.6,11,11,0,0,0,0,70.0,63,30,28,3,39,3,60,2,0,4,305,113,3.77,1.457,8.1,0.4,5.0,7.7,1.54,Left,No
7,1996,CL,Rod Beck,27,0,9,0.0,3.34,63,0,58,0,0,35,62.0,56,23,23,9,10,2,48,1,0,1,248,122,4.04,1.065,8.1,1.3,1.5,7.0,4.8,Right,No
8,1996,RP,Mark Dewey,31,6,3,0.667,4.21,78,0,19,0,0,0,83.1,79,40,39,9,41,9,57,5,0,4,360,97,4.86,1.44,8.5,1.0,4.4,6.2,1.39,Right,No
9,1996,RP,José Bautista,31,3,4,0.429,3.36,37,1,12,0,0,0,69.2,66,32,26,10,15,5,28,2,0,0,289,121,4.97,1.163,8.5,1.3,1.9,3.6,1.87,Right,No
10,1996,RP,Rich DeLucia,31,3,6,0.333,5.84,56,0,20,0,0,0,61.2,62,44,40,8,31,6,55,3,0,7,279,70,4.73,1.508,9.0,1.2,4.5,8.0,1.77,Right,No
11,1996,RP,Doug Creek,27,0,2,0.0,6.52,63,0,15,0,0,0,48.1,45,41,35,11,32,2,38,2,0,2,220,63,6.67,1.593,8.4,2.0,6.0,7.1,1.19,Left,No
12,1996,,Jeff Juden,25,4,0,1.0,4.1,36,0,9,0,0,0,41.2,39,23,19,7,20,2,35,1,0,3,180,100,5.19,1.416,8.4,1.5,4.3,7.6,1.75,Right,No
13,1996,,Steve Bourgeois,23,1,3,0.25,6.3,15,5,4,0,0,0,40.0,60,35,28,4,21,4,17,4,0,4,198,65,5.5,2.025,13.5,0.9,4.7,3.8,0.81,Right,No
14,1996,,Jim Poole,30,2,1,0.667,2.66,35,0,5,0,0,0,23.2,15,7,7,2,13,3,19,1,0,1,97,155,4.44,1.183,5.7,0.8,4.9,7.2,1.46,Left,No
15,1996,,Kirk Rueter,25,1,2,0.333,1.93,4,3,0,0,0,0,23.1,18,6,5,0,5,0,16,0,0,2,92,214,2.44,0.986,6.9,0.0,1.9,6.2,3.2,Left,No
16,1996,,Tim Scott,29,2,2,0.5,8.24,20,0,2,0,0,0,19.2,24,18,18,5,9,0,10,1,0,2,90,50,6.99,1.678,11.0,2.3,4.1,4.6,1.11,Right,No
17,1996,,Steve Soderstrom,24,2,0,1.0,5.27,3,3,0,0,0,0,13.2,16,11,8,1,6,0,9,2,0,0,63,79,4.56,1.61,10.5,0.7,4.0,5.9,1.5,Right,No
18,1996,,Chris Hook,27,0,1,0.0,7.43,10,0,3,0,0,0,13.1,16,13,11,3,14,2,4,2,0,1,71,56,9.1,2.25,10.8,2.0,9.5,2.7,0.29,Right,No
19,1996,,Dan Carlson,26,1,0,1.0,2.7,5,0,3,0,0,0,10.0,13,6,3,2,2,0,4,0,0,0,46,156,5.57,1.5,11.7,1.8,1.8,3.6,2.0,Right,No
20,1996,,Shawn Barton,33,0,0,0.0,9.72,7,0,2,0,0,0,8.1,19,12,9,2,1,0,3,0,1,1,45,44,5.93,2.4,20.5,2.2,1.1,3.2,3.0,Left,No
1,1995,SP,Mark Leiter,32,10,12,0.455,3.82,30,29,0,7,1,0,195.2,185,91,83,19,55,4,129,17,3,9,817,105,4.15,1.227,8.5,0.9,2.5,5.9,2.35,Right,No
2,1995,SP,Terry Mulholland,32,5,13,0.278,5.8,29,24,2,2,0,0,149.0,190,112,96,25,38,1,65,4,0,4,666,69,5.26,1.53,11.5,1.5,2.3,3.9,1.71,Left,No
3,1995,SP,William VanLandingham,24,6,3,0.667,3.67,18,18,0,1,0,0,122.2,124,58,50,14,40,2,95,2,4,5,523,110,4.06,1.337,9.1,1.0,2.9,7.0,2.38,Right,No
4,1995,SP,Mark Portugal,32,5,5,0.5,4.15,17,17,0,1,0,0,104.0,106,56,48,10,34,2,63,2,0,2,445,97,4.18,1.346,9.2,0.9,2.9,5.5,1.85,Right,No
5,1995,SP,Trevor Wilson,29,3,4,0.429,3.92,17,17,0,0,0,0,82.2,82,42,36,8,38,1,38,4,1,0,354,103,4.97,1.452,8.9,0.9,4.1,4.1,1.0,Left,No
6,1995,SP,Jamie Brewington,23,6,4,0.6,4.54,13,13,0,0,0,0,75.1,68,38,38,8,45,6,45,4,0,3,334,89,5.24,1.5,8.1,1.0,5.4,5.4,1.0,Right,No
7,1995,CL,Rod Beck,26,5,6,0.455,4.45,60,0,52,0,0,33,58.2,60,31,29,7,21,3,42,2,0,2,255,91,4.4,1.381,9.2,1.1,3.2,6.4,2.0,Right,No
8,1995,RP,José Bautista,30,3,8,0.273,6.44,52,6,19,0,0,0,100.2,120,77,72,24,26,3,45,5,2,1,451,63,6.23,1.45,10.7,2.1,2.3,4.0,1.73,Right,No
9,1995,RP,Chris Hook,26,5,1,0.833,5.5,45,0,14,0,0,0,52.1,55,33,32,7,29,3,40,3,0,2,239,74,5.15,1.605,9.5,1.2,5.0,6.9,1.38,Right,No
10,1995,RP,Shawn Barton,32,4,1,0.8,4.26,52,0,11,0,0,1,44.1,37,22,21,3,19,1,22,2,1,0,181,95,4.41,1.263,7.5,0.6,3.9,4.5,1.16,Left,No
11,1995,RP,Dave Burba,28,4,2,0.667,4.98,37,0,7,0,0,0,43.1,38,26,24,5,25,2,46,0,0,2,191,81,4.21,1.454,7.9,1.0,5.2,9.6,1.84,Right,No
12,1995,,Sergio Valdez,30,4,5,0.444,4.75,13,11,0,1,0,0,66.1,78,43,35,12,17,3,29,3,1,2,290,85,5.48,1.432,10.6,1.6,2.3,3.9,1.71,Right,No
13,1995,,Mark Dewey,30,1,0,1.0,3.13,27,0,5,0,0,0,31.2,30,12,11,2,17,6,32,0,0,1,137,130,3.51,1.484,8.5,0.6,4.8,9.1,1.88,Right,No
14,1995,,Scott Service,28,3,1,0.75,3.19,28,0,6,0,0,0,31.0,18,11,11,4,20,4,30,2,0,3,129,127,4.97,1.226,5.2,1.2,5.8,8.7,1.5,Right,No
15,1995,,Joe Rosselli,23,2,1,0.667,8.7,9,5,0,0,0,0,30.0,39,29,29,5,20,2,7,0,1,0,140,47,6.8,1.967,11.7,1.5,6.0,2.1,0.35,Left,No
16,1995,,Steve Mintz,26,1,2,0.333,7.45,14,0,3,0,0,0,19.1,26,16,16,4,12,3,7,2,0,0,96,55,7.24,1.966,12.1,1.9,5.6,3.3,0.58,Right,No
17,1995,,Shawn Estes,22,0,3,0.0,6.75,3,3,0,0,0,0,17.1,16,14,13,2,5,0,14,1,0,4,76,61,4.03,1.212,8.3,1.0,2.6,7.3,2.8,Left,No
18,1995,,Carlos Valdez,23,0,1,0.0,6.14,11,0,3,0,0,0,14.2,19,10,10,1,8,1,7,1,1,1,69,67,4.88,1.841,11.7,0.6,4.9,4.3,0.88,Right,No
19,1995,,Pat Gomez,27,0,0,0.0,5.14,18,0,3,0,0,0,14.0,16,8,8,2,12,1,15,0,1,0,70,80,5.39,2.0,10.3,1.3,7.7,9.6,1.25,Left,No
20,1995,,Kenny Greer,28,0,2,0.0,5.25,8,0,1,0,0,0,12.0,15,12,7,3,5,2,7,1,0,0,61,79,6.69,1.667,11.3,2.3,3.8,5.3,1.4,Right,No
21,1995,,Enrique Burgos,29,0,0,0.0,8.64,5,0,2,0,0,0,8.1,14,8,8,1,6,0,12,1,0,2,44,49,4.3,2.4,15.1,1.1,6.5,13.0,2.0,Left,No
22,1995,,Salomon Torres,23,0,1,0.0,9.0,4,1,2,0,0,0,8.0,13,8,8,4,7,0,2,0,0,0,40,47,11.73,2.5,14.6,4.5,7.9,2.3,0.29,Right,No
23,1995,,Steve Frey,31,0,1,0.0,4.26,9,0,1,0,0,0,6.1,7,6,3,1,2,0,5,0,0,0,29,100,4.52,1.421,9.9,1.4,2.8,7.1,2.5,Left,No
24,1995,,Luis Aquino,31,0,1,0.0,14.4,5,0,1,0,0,0,5.0,10,10,8,2,2,1,4,0,0,0,28,30,7.9,2.4,18.0,3.6,3.6,7.2,2.0,Right,No
25,1995,,John Roper,23,0,0,0.0,27.0,1,0,0,0,0,0,1.0,2,3,3,0,2,0,0,0,0,0,7,21,9.1,4.0,18.0,0.0,18.0,0.0,0.0,Right,No
1,1994,SP,John Burkett,29,6,8,0.429,3.62,25,25,0,0,0,0,159.1,176,72,64,14,36,7,85,7,0,2,676,110,4.02,1.331,9.9,0.8,2.0,4.8,2.36,Right,No
2,1994,SP,Mark Portugal,31,10,8,0.556,3.93,21,21,0,1,0,0,137.1,135,68,60,17,45,2,87,6,0,5,580,101,4.59,1.311,8.8,1.1,2.9,5.7,1.93,Right,No
3,1994,SP,Bill Swift,32,8,7,0.533,3.38,17,17,0,0,0,0,109.1,109,49,41,10,31,6,62,1,0,2,457,118,4.06,1.28,9.0,0.8,2.6,5.1,2.0,Right,No
4,1994,SP,Salomon Torres,22,2,8,0.2,5.44,16,14,2,1,0,0,84.1,95,55,51,10,34,2,42,7,1,4,378,73,5.13,1.53,10.1,1.1,3.6,4.5,1.24,Right,No
5,1994,SP,William VanLandingham,23,8,2,0.8,3.54,16,14,1,0,0,0,84.0,70,37,33,4,43,4,56,2,3,3,363,113,4.02,1.345,7.5,0.4,4.6,6.0,1.3,Right,No
6,1994,SP,Bud Black,37,4,2,0.667,4.47,10,10,0,0,0,0,54.1,50,31,27,9,16,1,28,3,1,3,227,89,5.3,1.215,8.3,1.5,2.7,4.6,1.75,Left,No
7,1994,CL,Rod Beck,25,2,4,0.333,2.77,48,0,47,0,0,28,48.2,49,17,15,10,13,2,39,0,0,0,207,144,5.0,1.274,9.1,1.8,2.4,7.2,3.0,Right,No
8,1994,RP,Dave Burba,27,3,6,0.333,4.38,57,0,13,0,0,0,74.0,59,39,36,5,45,3,84,6,0,3,322,91,3.81,1.405,7.2,0.6,5.5,10.2,1.87,Right,No
9,1994,RP,Rich Monteleone,31,4,3,0.571,3.18,39,0,8,0,0,0,45.1,43,18,16,6,13,2,16,0,2,1,189,126,5.01,1.235,8.5,1.2,2.6,3.2,1.23,Right,No
10,1994,RP,Michael Jackson,29,3,2,0.6,1.49,36,0,12,0,0,4,42.1,23,8,7,4,11,0,51,2,0,0,158,269,2.87,0.803,4.9,0.9,2.3,10.8,4.64,Right,No
11,1994,RP,Steve Frey,30,1,0,1.0,4.94,44,0,12,0,0,0,31.0,37,17,17,6,15,3,20,2,0,1,137,81,6.0,1.677,10.7,1.7,4.4,5.8,1.33,Left,No
12,1994,,Bryan Hickerson,30,4,8,0.333,5.4,28,14,1,0,0,1,98.1,118,60,59,20,38,6,59,1,1,2,436,74,5.76,1.586,10.8,1.8,3.5,5.4,1.55,Left,No
13,1994,,Pat Gomez,26,0,1,0.0,3.78,26,0,11,0,0,0,33.1,23,14,14,2,20,1,14,0,0,5,133,106,4.87,1.29,6.2,0.5,5.4,3.8,0.7,Left,No
14,1994,,Kevin Rogers,25,0,0,0.0,3.48,9,0,2,0,0,0,10.1,10,4,4,1,6,0,7,0,0,0,46,118,4.78,1.548,8.7,0.9,5.2,6.1,1.17,Left,No
15,1994,,Brad Brink,29,0,0,0.0,1.08,4,0,2,0,0,0,8.1,4,1,1,1,4,1,3,0,0,1,32,384,5.41,0.96,4.3,1.1,4.3,3.2,0.75,Right,No
16,1994,,Tony Menendez,29,0,1,0.0,21.6,6,0,2,0,0,0,3.1,8,8,8,2,2,0,2,0,0,0,19,20,11.53,3.0,21.6,5.4,5.4,5.4,1.0,Right,No
17,1994,,Kent Bottenfield,25,0,0,0.0,10.8,1,0,0,0,0,0,1.2,5,2,2,1,0,0,0,0,0,0,9,45,10.93,3.0,27.0,5.4,0.0,0.0,0.0,Right,No
1,1993,SP,Bill Swift,31,21,8,0.724,2.82,34,34,0,1,1,0,232.2,195,82,73,18,55,5,157,6,0,4,928,138,3.43,1.074,7.5,0.7,2.1,6.1,2.85,Right,No
2,1993,SP,John Burkett,28,22,7,0.759,3.65,34,34,0,2,1,0,231.2,224,100,94,18,40,4,145,11,2,1,942,107,3.41,1.14,8.7,0.7,1.6,5.6,3.63,Right,No
3,1993,SP,Trevor Wilson,27,7,5,0.583,3.6,22,18,1,1,0,0,110.0,110,45,44,8,40,3,57,6,0,0,455,108,4.15,1.364,9.0,0.7,3.3,4.7,1.43,Left,No
4,1993,SP,Bud Black,36,8,2,0.8,3.56,16,16,0,0,0,0,93.2,89,44,37,13,33,2,45,2,4,0,394,110,4.95,1.302,8.6,1.2,3.2,4.3,1.36,Left,No
5,1993,CL,Rod Beck,24,3,1,0.75,2.16,76,0,71,0,0,48,79.1,57,20,19,11,13,4,86,3,0,4,309,181,3.23,0.882,6.5,1.2,1.5,9.8,6.62,Right,No
6,1993,RP,Jeff Brantley,29,5,6,0.455,4.28,53,12,9,0,0,0,113.2,112,60,54,19,46,2,76,7,4,3,496,91,5.22,1.39,8.9,1.5,3.6,6.0,1.65,Right,No
7,1993,RP,Dave Burba,26,10,3,0.769,4.25,54,5,9,0,0,0,95.1,95,49,45,14,37,5,88,3,0,4,408,92,4.31,1.385,9.0,1.3,3.5,8.3,2.38,Right,No
8,1993,RP,Kevin Rogers,24,2,2,0.5,2.68,64,0,24,0,0,0,80.2,71,28,24,3,28,5,62,4,0,3,334,146,3.12,1.227,7.9,0.3,3.1,6.9,2.21,Left,No
9,1993,RP,Michael Jackson,28,6,6,0.5,3.03,81,0,17,0,0,1,77.1,58,28,26,7,24,6,70,3,2,2,317,129,3.4,1.06,6.8,0.8,2.8,8.1,2.92,Right,No
10,1993,,Bryan Hickerson,29,7,5,0.583,4.26,47,15,5,0,0,0,120.1,137,58,57,14,39,3,69,1,0,4,525,91,4.35,1.463,10.2,1.0,2.9,5.2,1.77,Left,No
11,1993,,Scott Sanderson,36,4,2,0.667,3.51,11,8,1,0,0,0,48.2,48,20,19,12,7,2,36,1,3,0,201,111,5.21,1.13,8.9,2.2,1.3,6.7,5.14,Right,No
12,1993,,Dave Righetti,34,1,1,0.5,5.7,51,0,15,0,0,1,47.1,58,31,30,11,17,0,31,1,0,1,210,69,5.84,1.585,11.0,2.1,3.2,5.9,1.82,Left,No
13,1993,,Greg Brummett,26,2,3,0.4,4.7,8,8,0,0,0,0,46.0,53,25,24,9,13,1,20,0,2,2,196,83,5.51,1.435,10.4,1.8,2.5,3.9,1.54,Right,No
14,1993,,Salomon Torres,21,3,5,0.375,4.03,8,8,0,0,0,0,44.2,37,21,20,5,27,3,23,1,1,3,196,97,5.29,1.433,7.5,1.0,5.4,4.6,0.85,Right,No
15,1993,,Jim Deshaies,33,2,2,0.5,4.24,5,4,1,0,0,0,17.0,24,9,8,2,6,0,5,1,0,1,77,94,5.16,1.765,12.7,1.1,3.2,2.6,0.83,Left,No
16,1993,,Gino Minutelli,29,0,1,0.0,3.77,9,0,4,0,0,0,14.1,7,9,6,2,15,0,10,0,0,1,64,106,6.55,1.535,4.4,1.3,9.4,6.3,0.67,Left,No
17,1993,,Terry Bross,27,0,0,0.0,9.0,2,0,1,0,0,0,2.0,3,2,2,1,1,0,1,0,0,0,10,52,9.99,2.0,13.5,4.5,4.5,4.5,1.0,Right,No
18,1993,,Tim Layana,29,0,0,0.0,22.5,1,0,0,0,0,0,2.0,7,5,5,1,1,1,1,0,0,0,15,21,9.99,4.0,31.5,4.5,4.5,4.5,1.0,Right,No
1,1992,SP,John Burkett,27,13,9,0.591,3.84,32,32,0,3,1,0,189.2,194,96,81,13,45,6,107,4,0,0,799,87,3.32,1.26,9.2,0.6,2.1,5.1,2.38,Right,No
2,1992,SP,Bud Black,35,10,12,0.455,3.97,28,28,0,2,1,0,177.0,178,88,78,23,59,11,82,1,7,3,749,84,4.56,1.339,9.1,1.2,3.0,4.2,1.39,Left,No
3,1992,SP,Bill Swift,30,10,4,0.714,2.08,30,22,2,3,2,1,164.2,144,41,38,6,43,3,77,3,1,0,655,161,3.16,1.136,7.9,0.3,2.4,4.2,1.79,Right,No
4,1992,SP,Trevor Wilson,26,8,14,0.364,4.21,26,26,0,1,1,0,154.0,152,82,72,18,64,5,88,6,7,2,661,79,4.52,1.403,8.9,1.1,3.7,5.1,1.38,Left,No
5,1992,CL,Rod Beck,23,3,3,0.5,1.76,65,0,42,0,0,17,92.0,62,20,18,4,15,2,87,2,2,5,352,190,2.01,0.837,6.1,0.4,1.5,8.5,5.8,Right,No
6,1992,RP,Jeff Brantley,28,7,7,0.5,2.95,56,4,32,0,0,7,91.2,67,32,30,8,45,5,86,3,1,3,381,114,3.61,1.222,6.6,0.8,4.4,8.4,1.91,Right,No
7,1992,RP,Bryan Hickerson,28,5,3,0.625,3.09,61,1,8,0,0,0,87.1,74,31,30,7,21,2,68,1,1,4,345,108,3.02,1.088,7.6,0.7,2.2,7.0,3.24,Left,No
8,1992,RP,Michael Jackson,27,6,6,0.5,3.73,67,0,24,0,0,2,82.0,76,35,34,7,33,10,80,4,0,1,346,90,3.3,1.329,8.3,0.8,3.6,8.8,2.42,Right,No
9,1992,RP,Dave Righetti,33,2,7,0.222,5.06,54,4,23,0,0,3,78.1,79,47,44,4,36,5,47,0,2,5,340,66,3.63,1.468,9.1,0.5,4.1,5.4,1.31,Left,No
10,1992,,Dave Burba,25,2,7,0.222,4.97,23,11,4,0,0,0,70.2,80,43,39,4,31,2,47,2,1,1,318,68,3.59,1.571,10.2,0.5,3.9,6.0,1.52,Right,No
11,1992,,Kelly Downs,31,1,2,0.333,3.47,19,7,5,0,0,0,62.1,65,27,24,4,24,0,33,3,0,4,272,97,3.86,1.428,9.4,0.6,3.5,4.8,1.38,Right,No
12,1992,,Francisco Oliveras,29,0,3,0.0,3.63,16,7,3,0,0,0,44.2,41,19,18,11,10,2,17,1,0,0,179,93,5.96,1.142,8.3,2.2,2.0,3.4,1.7,Right,No
13,1992,,Jim Pena,27,1,1,0.5,3.48,25,2,4,0,0,0,44.0,49,19,17,4,20,5,32,1,0,0,204,97,3.94,1.568,10.0,0.8,4.1,6.5,1.6,Left,No
14,1992,,Kevin Rogers,23,0,2,0.0,4.24,6,6,0,0,0,0,34.0,37,17,16,4,13,1,26,1,0,2,148,80,4.02,1.471,9.8,1.1,3.4,6.9,2.0,Left,No
15,1992,,Larry Carter,27,1,5,0.167,4.64,6,6,0,0,0,0,33.0,34,17,17,6,18,0,21,0,0,2,147,73,5.51,1.576,9.3,1.6,4.9,5.7,1.17,Right,No
16,1992,,Gil Heredia,26,2,3,0.4,5.4,13,4,3,0,0,0,30.0,32,20,18,3,16,1,15,1,0,1,132,63,4.78,1.6,9.6,0.9,4.8,4.5,0.94,Right,No
17,1992,,Steve Reed,27,1,0,1.0,2.3,18,0,2,0,0,0,15.2,13,5,4,2,3,0,11,1,0,0,63,149,3.8,1.021,7.5,1.1,1.7,6.3,3.67,Right,No
18,1992,,Pat Rapp,24,0,2,0.0,7.2,3,2,1,0,0,0,10.0,8,8,8,0,6,1,3,1,0,0,43,48,4.28,1.4,7.2,0.0,5.4,2.7,0.5,Right,No
1,1991,SP,Bud Black,34,12,16,0.429,3.99,34,34,0,3,3,0,214.1,201,104,95,25,71,8,104,4,6,6,893,90,4.45,1.269,8.4,1.0,3.0,4.4,1.46,Left,No
2,1991,SP,John Burkett,26,12,11,0.522,4.18,36,34,0,3,1,0,206.2,223,103,96,19,60,2,131,10,0,5,890,86,3.8,1.369,9.7,0.8,2.6,5.7,2.18,Right,No
3,1991,SP,Trevor Wilson,25,13,11,0.542,3.56,44,29,6,2,1,0,202.0,173,87,80,13,77,4,139,5,3,5,841,101,3.53,1.238,7.7,0.6,3.4,6.2,1.81,Left,No
4,1991,SP,Paul McClellan,25,3,6,0.333,4.56,13,12,1,1,0,0,71.0,68,41,36,12,25,1,44,1,0,5,300,79,4.91,1.31,8.6,1.5,3.2,5.6,1.76,Right,No
5,1991,CL,Dave Righetti,32,2,7,0.222,3.39,61,0,49,0,0,24,71.2,64,29,27,4,28,6,51,3,1,1,304,106,3.46,1.284,8.0,0.5,3.5,6.4,1.82,Left,No
6,1991,RP,Don Robinson,34,5,9,0.357,4.38,34,16,7,0,0,1,121.1,123,64,59,12,50,7,78,1,0,1,525,82,4.12,1.426,9.1,0.9,3.7,5.8,1.56,Right,No
7,1991,RP,Kelly Downs,30,10,4,0.714,4.19,45,11,4,0,0,0,111.2,99,59,52,12,53,9,62,3,1,4,479,86,4.65,1.361,8.0,1.0,4.3,5.0,1.17,Right,No
8,1991,RP,Jeff Brantley,27,5,2,0.714,2.45,67,0,39,0,0,15,95.1,78,27,26,8,52,10,81,5,0,6,411,146,4.04,1.364,7.4,0.8,4.9,7.6,1.56,Right,No
9,1991,RP,Francisco Oliveras,28,6,6,0.5,3.86,55,1,17,0,0,3,79.1,69,36,34,12,22,4,48,1,2,2,316,93,4.48,1.147,7.8,1.4,2.5,5.4,2.18,Right,No
10,1991,,Rod Beck,22,1,1,0.5,3.78,31,0,10,0,0,1,52.1,53,22,22,4,13,2,38,1,0,0,214,95,3.2,1.261,9.1,0.7,2.2,6.5,2.92,Right,No
11,1991,,Bryan Hickerson,27,2,2,0.5,3.6,17,6,4,0,0,0,50.0,53,20,20,3,17,3,43,0,0,2,212,100,2.94,1.4,9.5,0.5,3.1,7.7,2.53,Left,No
12,1991,,Mike LaCoss,35,1,5,0.167,7.23,18,5,6,0,0,0,47.1,61,39,38,4,24,0,30,2,0,2,225,50,4.33,1.796,11.6,0.8,4.6,5.7,1.25,Right,No
13,1991,,Mike Remlinger,25,2,1,0.667,4.37,8,6,1,1,1,0,35.0,36,17,17,5,20,1,19,0,1,2,155,83,5.34,1.6,9.3,1.3,5.1,4.9,0.95,Left,No
14,1991,,Gil Heredia,25,0,2,0.0,3.82,7,4,1,0,0,0,33.0,27,14,14,4,7,2,13,0,0,1,126,95,4.28,1.03,7.4,1.1,1.9,3.5,1.86,Right,No
15,1991,,Scott Garrelts,29,1,1,0.5,6.41,8,3,2,0,0,0,19.2,25,14,14,5,9,0,8,0,0,0,90,57,6.72,1.729,11.4,2.3,4.1,3.7,0.89,Right,No
16,1991,,Jose Segura,28,0,1,0.0,4.41,11,0,2,0,0,0,16.1,20,11,8,1,5,0,10,0,0,2,72,83,3.35,1.531,11.0,0.6,2.8,5.5,2.0,Right,No
17,1991,,Rick Reuschel,42,0,2,0.0,4.22,4,1,1,0,0,0,10.2,17,5,5,0,7,1,4,0,0,0,54,88,4.07,2.25,14.3,0.0,5.9,3.4,0.57,Right,No
18,1991,,Eric Gunderson,25,0,0,0.0,5.4,2,0,1,0,0,1,3.1,6,4,2,0,1,0,2,0,0,0,18,75,2.56,2.1,16.2,0.0,2.7,5.4,2.0,Left,No
19,1991,,Greg Litton,26,0,0,0.0,9.0,1,0,1,0,0,0,1.0,1,1,1,0,3,0,0,0,0,0,7,57,11.86,4.0,9.0,0.0,27.0,0.0,0.0,Right,No
1,1990,SP,John Burkett,25,14,7,0.667,3.79,33,32,1,2,0,1,204.0,201,92,86,18,61,7,118,4,3,3,857,96,3.75,1.284,8.9,0.8,2.7,5.2,1.93,Right,No
2,1990,SP,Scott Garrelts,28,12,11,0.522,4.15,31,31,0,4,2,0,182.0,190,91,84,16,70,8,80,3,0,7,786,88,4.28,1.429,9.4,0.8,3.5,4.0,1.14,Right,No
3,1990,SP,Don Robinson,33,10,7,0.588,4.57,26,25,0,4,0,0,157.2,173,84,80,18,41,8,78,1,0,2,667,80,4.1,1.357,9.9,1.0,2.3,4.5,1.9,Right,No
4,1990,SP,Trevor Wilson,24,8,7,0.533,4.0,27,17,3,3,2,0,110.1,87,52,49,11,49,3,66,1,2,5,457,92,4.27,1.233,7.1,0.9,4.0,5.4,1.35,Left,No
5,1990,SP,Rick Reuschel,41,3,6,0.333,3.93,15,13,1,0,0,1,87.0,102,40,38,8,31,9,49,1,0,1,390,93,3.98,1.529,10.6,0.8,3.2,5.1,1.58,Right,No
6,1990,SP,Mike LaCoss,34,6,4,0.6,3.94,13,12,0,1,0,0,77.2,75,37,34,5,39,2,39,0,1,1,337,93,4.15,1.468,8.7,0.6,4.5,4.5,1.0,Right,No
7,1990,CL,Jeff Brantley,26,5,3,0.625,1.56,55,0,32,0,0,19,86.2,77,18,15,3,33,6,61,3,3,0,361,235,3.1,1.269,8.0,0.3,3.4,6.3,1.85,Right,No
8,1990,RP,Steve Bedrosian,32,9,9,0.5,4.2,68,0,53,0,0,17,79.1,72,40,37,6,44,9,43,2,0,3,349,87,4.45,1.462,8.2,0.7,5.0,4.9,0.98,Right,No
9,1990,RP,Mark Thurmond,33,2,3,0.4,3.34,43,0,16,0,0,4,56.2,53,26,21,6,18,3,24,0,0,1,238,110,4.29,1.253,8.4,1.0,2.9,3.8,1.33,Left,No
10,1990,RP,Francisco Oliveras,27,2,2,0.5,2.77,33,2,9,0,0,2,55.1,47,22,17,5,21,6,41,2,1,2,231,133,3.75,1.229,7.6,0.8,3.4,6.7,1.95,Right,No
11,1990,RP,Randy O'Neal,29,1,0,1.0,3.83,26,0,4,0,0,0,47.0,58,23,20,3,18,4,30,0,1,4,208,96,3.51,1.617,11.1,0.6,3.4,5.7,1.67,Right,No
12,1990,,Atlee Hammaker,32,4,5,0.444,4.28,25,6,5,0,0,0,67.1,69,33,32,7,21,4,28,0,1,3,282,86,4.26,1.337,9.2,0.9,2.8,3.7,1.33,Left,No
13,1990,,Kelly Downs,29,3,2,0.6,3.43,13,9,1,0,0,0,63.0,56,26,24,2,20,4,31,2,1,2,265,107,3.28,1.206,8.0,0.3,2.9,4.4,1.55,Right,No
14,1990,,Bob Knepper,36,3,3,0.5,5.68,12,7,1,0,0,0,44.1,56,28,28,7,19,4,24,1,3,1,202,65,5.13,1.692,11.4,1.4,3.9,4.9,1.26,Left,No
15,1990,,Ed Vosberg,28,1,1,0.5,5.55,18,0,5,0,0,0,24.1,21,16,15,3,12,2,12,0,0,0,104,67,4.9,1.356,7.8,1.1,4.4,4.4,1.0,Left,No
16,1990,,Mark Dewey,25,1,1,0.5,2.78,14,0,5,0,0,0,22.2,22,7,7,1,5,1,11,0,1,0,92,134,3.07,1.191,8.7,0.4,2.0,4.4,2.2,Right,No
17,1990,,Eric Gunderson,24,1,2,0.333,5.49,7,4,1,0,0,0,19.2,24,14,12,2,11,1,14,0,0,0,94,68,4.38,1.78,11.0,0.9,5.0,6.4,1.27,Left,No
18,1990,,Rafael Novoa,22,0,1,0.0,6.75,7,2,2,0,0,1,18.2,21,14,14,3,13,1,14,0,0,0,88,55,5.49,1.821,10.1,1.4,6.3,6.8,1.08,Left,No
19,1990,,Ernie Camacho,35,0,0,0.0,3.6,8,0,3,0,0,0,10.0,10,4,4,1,3,0,8,0,0,1,42,106,3.41,1.3,9.0,0.9,2.7,7.2,2.67,Right,No
20,1990,,Paul McClellan,24,0,1,0.0,11.74,4,1,2,0,0,0,7.2,14,10,10,3,6,0,2,1,0,0,44,33,10.11,2.609,16.4,3.5,7.0,2.3,0.33,Right,No
21,1990,,Dan Quisenberry,37,0,1,0.0,13.5,5,0,2,0,0,0,6.2,13,12,10,1,3,2,2,0,1,0,37,29,5.51,2.4,17.6,1.4,4.1,2.7,0.67,Right,No
22,1990,,Randy McCament,27,0,0,0.0,3.0,3,0,0,0,0,0,6.0,8,2,2,0,5,0,5,0,0,0,30,130,3.64,2.167,12.0,0.0,7.5,7.5,1.0,Right,No
23,1990,,Andy McGaffigan,33,0,0,0.0,17.36,4,0,1,0,0,0,4.2,10,9,9,2,4,0,4,0,0,0,27,23,9.24,3.0,19.3,3.9,7.7,7.7,1.0,Right,No
24,1990,,Rick Rodriguez,29,0,0,0.0,8.1,3,0,0,0,0,0,3.1,5,3,3,0,2,0,2,0,0,0,16,51,3.41,2.1,13.5,0.0,5.4,5.4,1.0,Right,No
25,1990,,Russ Swan,26,0,1,0.0,3.86,2,1,0,0,0,0,2.1,6,4,1,0,4,0,1,0,0,1,18,112,7.09,4.286,23.1,0.0,15.4,3.9,0.25,Left,No
26,1990,,Greg Booker,30,0,0,0.0,13.5,2,0,1,0,0,0,2.0,7,3,3,0,0,0,1,0,1,0,13,33,1.81,3.5,31.5,0.0,0.0,4.5,0.0,Right,No
1,1989,SP,Rick Reuschel,40,17,8,0.68,2.94,32,32,0,2,0,0,208.1,195,75,68,18,54,4,111,2,0,1,860,115,3.63,1.195,8.4,0.8,2.3,4.8,2.06,Right,No
2,1989,SP,Don Robinson,32,12,11,0.522,3.43,34,32,2,5,1,0,197.0,184,80,75,22,37,6,96,2,4,4,793,98,3.83,1.122,8.4,1.0,1.7,4.4,2.59,Right,No
3,1989,SP,Scott Garrelts,27,14,5,0.737,2.28,30,29,0,2,1,0,193.1,149,58,49,11,46,3,119,0,2,7,766,148,2.99,1.009,6.9,0.5,2.1,5.5,2.59,Right,No
4,1989,SP,Kelly Downs,28,4,8,0.333,4.79,18,15,1,0,0,0,82.2,82,47,44,7,26,4,49,1,3,3,349,71,3.66,1.306,8.9,0.8,2.8,5.3,1.88,Right,No
5,1989,CL,Craig Lefferts,31,2,4,0.333,2.69,70,0,32,0,0,20,107.0,93,38,32,11,22,5,71,1,1,4,430,125,3.42,1.075,7.8,0.9,1.9,6.0,3.23,Left,No
6,1989,RP,Mike LaCoss,33,10,10,0.5,3.17,45,18,16,1,0,6,150.1,143,62,53,3,65,4,78,7,5,1,647,106,3.42,1.384,8.6,0.2,3.9,4.7,1.2,Right,No
7,1989,RP,Jeff Brantley,25,7,1,0.875,4.07,59,1,15,0,0,0,97.1,101,50,44,10,37,8,69,2,2,3,422,83,3.88,1.418,9.3,0.9,3.4,6.4,1.86,Right,No
8,1989,RP,Steve Bedrosian,31,1,4,0.2,2.65,40,0,33,0,0,17,51.0,35,18,15,5,22,4,34,0,0,2,207,128,4.0,1.118,6.2,0.9,3.9,6.0,1.55,Right,No
9,1989,RP,Rich Gossage,37,2,1,0.667,2.68,31,0,22,0,0,4,43.2,32,16,13,2,27,3,24,0,0,2,182,127,4.11,1.351,6.6,0.4,5.6,4.9,0.89,Right,No
10,1989,,Atlee Hammaker,31,6,6,0.5,3.76,28,9,5,0,0,0,76.2,78,34,32,5,23,2,30,1,2,1,322,90,3.77,1.317,9.2,0.6,2.7,3.5,1.3,Left,No
11,1989,,Bob Knepper,35,3,2,0.6,3.46,13,6,2,1,1,0,52.0,55,20,20,4,15,2,19,1,1,1,226,98,3.96,1.346,9.5,0.7,2.6,3.3,1.27,Left,No
12,1989,,Mike Krukow,37,4,3,0.571,3.98,8,8,0,0,0,0,43.0,37,20,19,5,18,3,18,1,2,0,177,85,4.76,1.279,7.7,1.0,3.8,3.8,1.0,Right,No
13,1989,,Trevor Wilson,23,2,3,0.4,4.35,14,4,2,0,0,0,39.1,28,20,19,2,24,0,22,4,1,0,167,78,4.44,1.322,6.4,0.5,5.5,5.0,0.92,Left,No
14,1989,,Randy McCament,26,1,1,0.5,3.93,25,0,10,0,0,0,36.2,32,22,16,4,23,2,12,1,1,1,159,87,5.49,1.5,7.9,1.0,5.6,2.9,0.52,Right,No
15,1989,,Ernie Camacho,34,3,0,1.0,2.76,13,0,5,0,0,0,16.1,10,5,5,1,11,2,14,0,1,3,70,125,3.87,1.286,5.5,0.6,6.1,7.7,1.27,Right,No
16,1989,,Dennis Cook,26,1,0,1.0,1.8,2,2,0,1,0,0,15.0,13,3,3,1,5,0,9,0,0,1,58,192,3.43,1.2,7.8,0.6,3.0,5.4,1.8,Left,No
17,1989,,Joe Price,32,1,1,0.5,5.79,7,1,3,0,0,0,14.0,16,9,9,3,4,2,10,0,1,1,59,60,4.98,1.429,10.3,1.9,2.6,6.4,2.5,Left,No
18,1989,,Dave Dravecky,33,2,0,1.0,3.46,2,2,0,0,0,0,13.0,8,5,5,2,4,0,5,1,0,1,50,101,5.15,0.923,5.5,1.4,2.8,3.5,1.25,Left,No
19,1989,,Terry Mulholland,26,0,0,0.0,4.09,5,1,2,0,0,0,11.0,15,5,5,0,4,0,6,0,0,0,51,86,2.76,1.727,12.3,0.0,3.3,4.9,1.5,Left,No
20,1989,,Russ Swan,25,0,2,0.0,10.8,2,2,0,0,0,0,6.2,11,10,8,4,4,0,2,0,0,0,34,33,11.76,2.25,14.9,5.4,5.4,2.7,0.5,Left,No
21,1989,,Stu Tate,27,0,0,0.0,3.38,2,0,0,0,0,0,2.2,3,3,1,0,0,0,4,0,0,1,12,117,-0.24,1.125,10.1,0.0,0.0,13.5,0.0,Right,No
1,1988,SP,Rick Reuschel,39,19,11,0.633,3.12,36,36,0,7,2,0,245.0,242,88,85,11,42,8,92,6,0,4,1000,105,3.19,1.159,8.9,0.4,1.5,3.4,2.19,Right,No
2,1988,SP,Kelly Downs,27,13,9,0.591,3.32,27,26,0,6,3,0,168.0,140,67,62,11,47,8,118,3,4,7,685,99,3.11,1.113,7.5,0.6,2.5,6.3,2.51,Right,No
3,1988,SP,Mike Krukow,36,7,4,0.636,3.54,20,20,0,1,0,0,124.2,111,51,49,13,31,3,75,5,1,5,517,93,3.79,1.139,8.0,0.9,2.2,5.4,2.42,Right,No
4,1988,SP,Mike LaCoss,32,7,7,0.5,3.62,19,19,0,1,1,0,114.1,99,55,46,5,47,3,70,1,2,6,477,91,3.37,1.277,7.8,0.4,3.7,5.5,1.49,Right,No
5,1988,CL,Scott Garrelts,26,5,9,0.357,3.58,65,0,40,0,0,13,98.0,80,42,39,3,46,10,86,2,4,6,413,92,2.88,1.286,7.3,0.3,4.2,7.9,1.87,Right,No
6,1988,RP,Don Robinson,31,10,5,0.667,2.45,51,19,19,3,2,6,176.2,152,63,48,11,49,12,122,3,2,4,725,135,3.08,1.138,7.7,0.6,2.5,6.2,2.49,Right,No
7,1988,RP,Atlee Hammaker,30,9,9,0.5,3.73,43,17,11,3,1,5,144.2,136,68,60,11,41,9,65,3,2,1,607,88,3.77,1.224,8.5,0.7,2.6,4.0,1.59,Left,No
8,1988,RP,Craig Lefferts,30,3,8,0.273,2.92,64,0,30,0,0,11,92.1,74,33,30,7,23,5,58,1,0,4,362,113,3.28,1.051,7.2,0.7,2.2,5.7,2.52,Left,No
9,1988,RP,Joe Price,31,1,6,0.143,3.94,38,3,14,0,0,4,61.2,59,33,27,5,27,6,49,1,3,1,269,84,3.6,1.395,8.6,0.7,3.9,7.2,1.81,Left,No
10,1988,,Terry Mulholland,25,2,1,0.667,3.72,9,6,1,2,1,0,46.0,50,20,19,3,7,0,18,1,0,1,191,89,3.36,1.239,9.8,0.6,1.4,3.5,2.57,Left,No
11,1988,,Dave Dravecky,32,2,2,0.5,3.16,7,7,0,1,0,0,37.0,33,19,13,4,8,0,19,0,2,0,151,105,3.8,1.108,8.0,1.0,1.9,4.6,2.38,Left,No
12,1988,,Randy Bockus,27,1,1,0.5,4.78,20,0,4,0,0,0,32.0,35,19,17,2,13,2,18,1,0,2,138,70,3.77,1.5,9.8,0.6,3.7,5.1,1.38,Right,No
13,1988,,Roger Samuels,27,1,2,0.333,3.47,15,0,8,0,0,0,23.1,17,10,9,4,7,0,22,1,0,2,92,96,4.14,1.029,6.6,1.5,2.7,8.5,3.14,Left,No
14,1988,,Trevor Wilson,22,0,2,0.0,4.09,4,4,0,0,0,0,22.0,25,14,10,1,8,0,15,0,1,0,96,82,3.09,1.5,10.2,0.4,3.3,6.1,1.88,Left,No
15,1988,,Dennis Cook,25,2,1,0.667,2.86,4,4,0,1,1,0,22.0,9,8,7,1,11,1,13,0,0,1,86,117,3.68,0.909,3.7,0.4,4.5,5.3,1.18,Left,No
16,1988,,Jeff Brantley,24,0,1,0.0,5.66,9,1,2,0,0,1,20.2,22,13,13,2,6,1,11,1,1,0,88,59,3.98,1.355,9.6,0.9,2.6,4.8,1.83,Right,No
17,1988,,Ron Davis,32,1,1,0.5,4.67,9,0,4,0,0,0,17.1,15,10,9,4,6,0,15,1,0,0,72,72,5.25,1.212,7.8,2.1,3.1,7.8,2.5,Right,No
18,1988,,Lary Sorensen,32,0,0,0.0,4.86,12,0,4,0,0,2,16.2,24,13,9,1,3,0,9,0,0,0,78,69,3.01,1.62,13.0,0.5,1.6,4.9,3.0,Right,No
1,1987,SP,Kelly Downs,26,12,9,0.571,3.63,41,28,4,4,3,1,186.0,185,83,75,14,67,11,137,4,4,12,797,107,3.52,1.355,9.0,0.7,3.2,6.6,2.04,Right,No
2,1987,SP,Mike LaCoss,31,13,10,0.565,3.68,39,26,4,2,1,0,171.0,184,78,70,16,63,12,79,2,1,6,728,106,4.3,1.444,9.7,0.8,3.3,4.2,1.25,Right,No
3,1987,SP,Atlee Hammaker,29,10,10,0.5,3.58,31,27,1,2,0,0,168.1,159,73,67,22,57,10,107,3,7,8,706,109,4.37,1.283,8.5,1.2,3.0,5.7,1.88,Left,No
4,1987,SP,Mike Krukow,35,5,6,0.455,4.8,30,28,0,3,0,0,163.0,182,98,87,24,46,6,104,2,3,3,699,81,4.39,1.399,10.0,1.3,2.5,5.7,2.26,Right,No
5,1987,SP,Dave Dravecky,31,7,5,0.583,3.2,18,18,0,4,3,0,112.1,115,43,40,8,33,3,78,2,0,1,466,122,3.34,1.318,9.2,0.6,2.6,6.2,2.36,Left,No
6,1987,SP,Mark Davis,26,4,5,0.444,4.71,20,11,1,1,0,0,70.2,72,38,37,9,28,1,51,4,2,4,301,83,4.44,1.415,9.2,1.1,3.6,6.5,1.82,Left,No
7,1987,CL,Scott Garrelts,25,11,7,0.611,3.22,64,0,43,0,0,12,106.1,70,41,38,10,55,4,127,0,1,5,428,121,3.26,1.176,5.9,0.8,4.7,10.7,2.31,Right,No
8,1987,RP,Jeff Robinson,26,6,8,0.429,2.79,63,0,33,0,0,10,96.2,69,34,30,10,48,10,82,1,2,3,395,140,4.04,1.21,6.4,0.9,4.5,7.6,1.71,Right,No
9,1987,RP,Jim Gott,27,1,0,1.0,4.5,30,3,8,0,0,0,56.0,53,32,28,4,32,5,63,2,0,3,253,87,3.37,1.518,8.5,0.6,5.1,10.1,1.97,Right,No
10,1987,RP,Craig Lefferts,29,3,3,0.5,3.23,44,0,14,0,0,4,47.1,36,18,17,4,18,6,18,0,1,1,191,121,4.35,1.141,6.8,0.8,3.4,3.4,1.0,Left,No
11,1987,RP,Don Robinson,30,5,1,0.833,2.74,25,0,17,0,0,7,42.2,39,13,13,1,18,3,26,0,0,1,184,143,3.22,1.336,8.2,0.2,3.8,5.5,1.44,Right,No
12,1987,,Mark Grant,23,1,2,0.333,3.54,16,8,2,0,0,1,61.0,66,29,24,6,21,5,32,1,2,2,264,110,4.18,1.426,9.7,0.9,3.1,4.7,1.52,Right,No
13,1987,,Rick Reuschel,38,5,3,0.625,4.32,9,8,0,3,1,0,50.0,44,28,24,1,7,2,27,2,0,2,205,91,2.59,1.02,7.9,0.2,1.3,4.9,3.86,Right,No
14,1987,,Joe Price,30,2,2,0.5,2.57,20,0,5,0,0,1,35.0,19,10,10,5,13,2,42,1,0,1,137,153,3.53,0.914,4.9,1.3,3.3,10.8,3.23,Left,No
15,1987,,Roger Mason,29,1,1,0.5,4.5,5,5,0,0,0,0,26.0,30,15,13,4,10,0,18,0,1,1,110,88,4.64,1.538,10.4,1.4,3.5,6.2,1.8,Right,No
16,1987,,Greg Minton,35,1,0,1.0,3.47,15,0,2,0,0,1,23.1,30,9,9,2,10,3,9,1,0,1,105,114,4.63,1.714,11.6,0.8,3.9,3.5,0.9,Right,No
17,1987,,Keith Comstock,31,2,0,1.0,3.05,15,0,3,0,0,1,20.2,19,8,7,1,10,2,21,0,1,3,87,130,2.92,1.403,8.3,0.4,4.4,9.1,2.1,Left,No
18,1987,,Randy Bockus,26,1,0,1.0,3.63,12,0,2,0,0,0,17.1,17,8,7,2,4,1,9,0,0,0,68,109,4.02,1.212,8.8,1.0,2.1,4.7,2.25,Right,No
19,1987,,Jon Perlman,30,0,0,0.0,3.97,10,0,3,0,0,0,11.1,11,7,5,1,4,0,3,1,0,2,50,101,4.81,1.324,8.7,0.8,3.2,2.4,0.75,Right,No
20,1987,,John Burkett,22,0,0,0.0,4.5,3,0,1,0,0,0,6.0,7,4,3,2,3,0,5,1,0,0,28,92,7.54,1.667,10.5,3.0,4.5,7.5,1.67,Right,No
1,1986,SP,Mike Krukow,34,20,9,0.69,3.05,34,34,0,10,2,0,245.0,204,90,83,24,55,4,178,4,0,4,987,116,3.31,1.057,7.5,0.9,2.0,6.5,3.24,Right,No
2,1986,SP,Mike LaCoss,30,10,13,0.435,3.57,37,31,1,4,1,0,204.1,179,99,81,14,70,8,86,6,5,5,842,99,3.94,1.219,7.9,0.6,3.1,3.8,1.23,Right,No
3,1986,SP,Vida Blue,36,10,10,0.5,3.27,28,28,0,0,0,0,156.2,137,65,57,19,77,3,100,0,1,5,663,108,4.55,1.366,7.9,1.1,4.4,5.7,1.3,Left,No
4,1986,SP,Kelly Downs,25,4,4,0.5,2.75,14,14,0,1,0,0,88.1,78,29,27,5,30,7,64,3,2,3,372,129,3.18,1.223,7.9,0.5,3.1,6.5,2.13,Right,No
5,1986,SP,Roger Mason,28,3,4,0.429,4.8,11,11,0,1,0,0,60.0,56,35,32,5,30,3,43,3,0,1,262,74,4.07,1.433,8.4,0.8,4.5,6.5,1.43,Right,No
6,1986,CL,Scott Garrelts,24,13,9,0.591,3.11,53,18,27,2,0,10,173.2,144,65,60,17,74,11,125,2,1,9,717,114,3.92,1.255,7.5,0.9,3.8,6.5,1.69,Right,No
7,1986,RP,Jeff Robinson,25,6,3,0.667,3.36,64,1,22,0,0,8,104.1,92,46,39,8,32,7,90,1,0,11,431,106,2.99,1.188,7.9,0.7,2.8,7.8,2.81,Right,No
8,1986,RP,Mark Davis,25,5,7,0.417,2.99,67,2,20,0,0,4,84.1,63,33,28,6,34,7,90,1,0,3,342,119,2.81,1.15,6.7,0.6,3.6,9.6,2.65,Left,No
9,1986,RP,Juan Berenguer,31,2,3,0.4,2.7,46,4,17,0,0,4,73.1,64,23,22,4,44,3,72,2,2,4,314,132,3.4,1.473,7.9,0.5,5.4,8.8,1.64,Right,No
10,1986,RP,Greg Minton,34,4,4,0.5,3.93,48,0,28,0,0,5,68.2,63,35,30,4,34,15,34,1,0,3,296,91,4.07,1.413,8.3,0.5,4.5,4.5,1.0,Right,No
11,1986,,Terry Mulholland,23,1,7,0.125,4.94,15,10,1,0,0,0,54.2,51,33,30,3,35,2,27,1,0,6,245,72,4.47,1.573,8.4,0.5,5.8,4.4,0.77,Left,No
12,1986,,Frank Williams,28,3,1,0.75,1.2,36,0,12,0,0,1,52.1,35,8,7,0,21,4,33,4,0,1,194,296,2.94,1.07,6.0,0.0,3.6,5.7,1.57,Right,No
13,1986,,Steve Carlton,41,1,3,0.25,5.1,6,6,0,0,0,0,30.0,36,20,17,4,16,0,18,1,1,2,140,70,5.0,1.733,10.8,1.2,4.8,5.4,1.13,Left,No
14,1986,,Bill Laskey,28,1,1,0.5,4.28,20,0,7,0,0,1,27.1,28,14,13,5,13,1,8,0,0,0,117,84,5.99,1.5,9.2,1.6,4.3,2.6,0.62,Right,No
15,1986,,Jim Gott,26,0,0,0.0,7.62,9,2,3,0,0,1,13.0,16,12,11,0,13,2,9,0,1,1,66,48,4.39,2.231,11.1,0.0,9.0,6.2,0.69,Right,No
16,1986,,Mark Grant,22,0,1,0.0,3.6,4,1,3,0,0,0,10.0,6,4,4,0,5,0,5,0,1,0,39,103,3.27,1.1,5.4,0.0,4.5,4.5,1.0,Right,No
17,1986,,Chuck Hensley,27,0,0,0.0,2.45,11,0,2,0,0,1,7.1,5,2,2,2,2,0,6,0,1,0,30,153,5.5,0.955,6.1,2.5,2.5,7.4,3.0,Left,No
18,1986,,Randy Bockus,25,0,0,0.0,2.57,5,0,1,0,0,0,7.0,7,5,2,1,6,1,4,0,0,0,36,146,6.06,1.857,9.0,1.3,7.7,5.1,0.67,Right,No
1,1985,SP,Dave LaPoint,25,7,17,0.292,3.57,31,31,0,2,1,0,206.2,215,99,82,18,74,6,122,0,0,10,886,97,3.71,1.398,9.4,0.8,3.2,5.3,1.65,Left,No
2,1985,SP,Mike Krukow,33,8,11,0.421,3.38,28,28,0,6,1,0,194.2,176,80,73,19,49,10,150,3,3,10,804,103,3.21,1.156,8.1,0.9,2.3,6.9,3.06,Right,No
3,1985,SP,Atlee Hammaker,27,5,12,0.294,3.74,29,29,0,1,1,0,170.2,161,81,71,17,47,5,100,0,4,4,713,93,3.63,1.219,8.5,0.9,2.5,5.3,2.13,Left,No
4,1985,SP,Jim Gott,25,7,10,0.412,3.88,26,26,0,2,0,0,148.1,144,73,64,10,51,3,78,1,2,3,629,89,3.56,1.315,8.7,0.6,3.1,4.7,1.53,Right,No
5,1985,SP,Vida Blue,35,8,8,0.5,4.47,33,20,5,1,0,0,131.0,115,70,65,17,80,1,103,1,2,8,574,78,4.65,1.489,7.9,1.2,5.5,7.1,1.29,Left,No
6,1985,SP,Bill Laskey,27,5,11,0.313,3.55,19,19,0,0,0,0,114.0,110,55,45,10,39,0,42,0,1,2,485,98,4.11,1.307,8.7,0.8,3.1,3.3,1.08,Right,No
7,1985,CL,Scott Garrelts,23,9,6,0.6,2.3,74,0,44,0,0,13,105.2,76,37,27,2,58,12,106,3,1,7,454,151,2.66,1.268,6.5,0.2,4.9,9.0,1.83,Right,No
8,1985,RP,Mark Davis,24,5,12,0.294,3.54,77,1,38,0,0,7,114.1,89,49,45,13,41,7,131,3,1,6,465,98,3.03,1.137,7.0,1.0,3.2,10.3,3.2,Left,No
9,1985,RP,Greg Minton,33,5,4,0.556,3.54,68,0,36,0,0,4,96.2,98,42,38,6,54,18,37,0,0,2,424,98,4.4,1.572,9.1,0.6,5.0,3.4,0.69,Right,No
10,1985,RP,Frank Williams,27,2,4,0.333,4.19,49,0,15,0,0,0,73.0,65,39,34,5,35,7,54,6,1,3,318,83,3.78,1.37,8.0,0.6,4.3,6.7,1.54,Right,No
11,1985,RP,Mike Jeffcoat,25,0,2,0.0,5.32,19,1,7,0,0,0,22.0,27,13,13,4,6,3,10,2,0,1,99,66,5.23,1.5,11.0,1.6,2.5,4.1,1.67,Left,No
12,1985,,Roger Mason,27,1,3,0.25,2.12,5,5,0,1,1,0,29.2,28,13,7,1,11,1,26,0,0,0,128,165,2.48,1.315,8.5,0.3,3.3,7.9,2.36,Right,No
13,1985,,Bobby Moore,26,0,0,0.0,3.24,11,0,4,0,0,0,16.2,18,6,6,1,10,2,10,0,1,0,78,109,4.06,1.68,9.7,0.5,5.4,5.4,1.0,Right,No
14,1985,,Colin Ward,24,0,0,0.0,4.38,6,2,0,0,0,0,12.1,10,6,6,0,7,0,8,0,0,0,52,82,3.09,1.378,7.3,0.0,5.1,5.8,1.14,Left,No
15,1985,,Jeff Robinson,24,0,0,0.0,5.11,8,0,0,0,0,0,12.1,16,11,7,2,10,1,8,0,0,1,59,70,5.93,2.108,11.7,1.5,7.3,5.8,0.8,Right,No
1,1984,SP,Bill Laskey,26,9,14,0.391,4.33,35,34,0,2,0,0,207.2,222,112,100,20,50,6,71,6,1,5,883,81,4.15,1.31,9.6,0.9,2.2,3.1,1.42,Right,No
2,1984,SP,Mike Krukow,32,11,12,0.478,4.56,35,33,1,3,1,1,199.1,234,117,101,22,78,5,141,5,3,3,903,77,4.04,1.565,10.6,1.0,3.5,6.4,1.81,Right,No
3,1984,SP,Mark Davis,23,5,17,0.227,5.36,46,27,6,1,0,0,174.2,201,113,104,25,54,12,124,5,4,8,766,66,4.22,1.46,10.4,1.3,2.8,6.4,2.3,Left,No
4,1984,SP,Jeff Robinson,23,7,15,0.318,4.56,34,33,0,1,1,0,171.2,195,99,87,12,52,4,102,7,2,7,749,77,3.52,1.439,10.2,0.6,2.7,5.3,1.96,Right,No
5,1984,CL,Greg Minton,32,4,9,0.308,3.76,74,1,43,0,0,19,124.1,130,60,52,6,57,20,48,0,0,5,556,94,4.0,1.504,9.4,0.4,4.1,3.5,0.84,Right,No
6,1984,RP,Frank Williams,26,9,4,0.692,3.55,61,1,15,1,1,3,106.1,88,49,42,2,51,6,91,3,5,8,454,99,2.82,1.307,7.4,0.2,4.3,7.7,1.78,Right,No
7,1984,RP,Gary Lavelle,35,5,4,0.556,2.76,77,0,42,0,0,12,101.0,92,34,31,5,42,14,71,1,0,2,426,128,3.28,1.327,8.2,0.4,3.7,6.3,1.69,Left,No
8,1984,RP,Randy Lerch,29,5,3,0.625,4.23,37,4,13,0,0,2,72.1,80,36,34,3,36,3,48,1,0,6,326,84,3.51,1.604,10.0,0.4,4.5,6.0,1.33,Left,No
9,1984,RP,Bob Lacey,30,1,3,0.25,3.88,34,1,14,0,0,0,51.0,55,26,22,5,13,4,26,0,3,3,216,91,3.79,1.333,9.7,0.9,2.3,4.6,2.0,Left,No
10,1984,,Mark Grant,20,1,4,0.2,6.37,11,10,1,0,0,1,53.2,56,40,38,6,19,0,32,1,0,3,231,56,4.15,1.398,9.4,1.0,3.2,5.4,1.68,Right,No
11,1984,,Scott Garrelts,22,2,3,0.4,5.65,21,3,5,0,0,0,43.0,45,33,27,6,34,1,32,1,0,3,206,63,5.54,1.837,9.4,1.3,7.1,6.7,0.94,Right,No
12,1984,,Jeff Cornell,27,1,3,0.25,6.1,23,0,5,0,0,0,38.1,51,30,26,4,22,6,19,1,1,3,181,58,4.93,1.904,12.0,0.9,5.2,4.5,0.86,Right,No
13,1984,,Atlee Hammaker,26,2,0,1.0,2.18,6,6,0,0,0,0,33.0,32,10,8,2,9,1,24,0,2,0,139,164,2.92,1.242,8.7,0.5,2.5,6.5,2.67,Left,No
14,1984,,Mark Calvert,27,2,4,0.333,5.06,10,5,5,1,0,0,32.0,40,21,18,4,9,1,5,1,0,0,146,70,5.02,1.531,11.3,1.1,2.5,1.4,0.56,Right,No
15,1984,,George Riley,27,1,0,1.0,3.99,5,4,0,0,0,0,29.1,39,14,13,1,7,0,12,2,0,1,134,90,3.31,1.568,12.0,0.3,2.1,3.7,1.71,Left,No
16,1984,,Renie Martin,28,1,1,0.5,3.86,12,0,3,0,0,0,23.1,29,13,10,2,16,0,8,0,0,1,112,93,5.25,1.929,11.2,0.8,6.2,3.1,0.5,Right,No
1,1983,SP,Fred Breining,27,11,12,0.478,3.82,32,32,0,6,0,0,202.2,202,97,86,15,60,11,117,5,1,4,868,94,3.52,1.293,9.0,0.7,2.7,5.2,1.95,Right,No
2,1983,SP,Mike Krukow,31,11,11,0.5,3.95,31,31,0,2,1,0,184.1,189,95,81,17,76,8,136,3,1,8,816,90,3.76,1.438,9.2,0.8,3.7,6.6,1.79,Right,No
3,1983,SP,Atlee Hammaker,25,10,9,0.526,2.25,23,23,0,8,3,0,172.1,147,57,43,9,32,12,127,3,2,6,695,159,2.57,1.039,7.7,0.5,1.7,6.6,3.97,Left,No
4,1983,SP,Bill Laskey,25,13,10,0.565,4.19,25,25,0,1,0,0,148.1,151,75,69,18,45,4,81,3,1,0,627,85,4.21,1.321,9.2,1.1,2.7,4.9,1.8,Right,No
5,1983,SP,Mark Davis,22,6,4,0.6,3.49,20,20,0,2,2,0,111.0,93,51,43,14,50,4,83,3,1,8,469,103,4.33,1.288,7.5,1.1,4.1,6.7,1.66,Left,No
6,1983,CL,Greg Minton,31,7,11,0.389,3.54,73,0,52,0,0,22,106.2,117,51,42,6,47,13,38,0,0,5,476,101,4.1,1.538,9.9,0.5,4.0,3.2,0.81,Right,No
7,1983,RP,Andy McGaffigan,26,3,9,0.25,4.29,43,16,11,0,0,2,134.1,131,67,64,17,39,5,93,1,7,8,560,83,3.91,1.266,8.8,1.1,2.6,6.2,2.38,Right,No
8,1983,RP,Renie Martin,27,2,4,0.333,4.2,37,6,6,0,0,1,94.1,95,50,44,11,51,9,43,3,2,2,414,85,5.08,1.548,9.1,1.0,4.9,4.1,0.84,Right,No
9,1983,RP,Jim Barr,35,5,3,0.625,3.98,53,0,23,0,0,2,92.2,106,47,41,7,20,9,47,1,0,1,395,90,3.4,1.36,10.3,0.7,1.9,4.6,2.35,Right,No
10,1983,RP,Gary Lavelle,34,7,4,0.636,2.59,56,0,38,0,0,20,87.0,73,33,25,4,19,8,68,0,1,3,349,138,2.44,1.057,7.6,0.4,2.0,7.0,3.58,Left,No
11,1983,,Mark Calvert,26,1,4,0.2,6.27,18,4,5,0,0,0,37.1,46,33,26,2,34,4,14,3,1,3,190,58,5.67,2.143,11.1,0.5,8.2,3.4,0.41,Right,No
12,1983,,Scott Garrelts,21,2,2,0.5,2.52,5,5,0,1,1,0,35.2,33,11,10,4,19,4,16,2,1,4,154,143,5.08,1.458,8.3,1.0,4.8,4.0,0.84,Right,No
13,1983,,Mike Chris,25,0,0,0.0,8.1,7,0,0,0,0,0,13.1,16,14,12,1,16,2,5,2,0,1,72,45,7.03,2.4,10.8,0.7,10.8,3.4,0.31,Left,No
14,1983,,Randy Lerch,28,1,0,1.0,3.38,7,0,1,0,0,0,10.2,9,4,4,1,8,1,6,0,0,0,48,110,5.1,1.594,7.6,0.8,6.8,5.1,0.75,Left,No
15,1983,,Pat Larkin,23,0,0,0.0,4.35,5,0,4,0,0,0,10.1,13,6,5,1,3,1,6,2,2,0,48,85,4.3,1.548,11.3,0.9,2.6,5.2,2.0,Left,No
16,1983,,Brian Kingman,29,0,0,0.0,7.71,3,0,2,0,0,0,4.2,10,6,4,0,1,0,1,0,0,0,25,50,2.97,2.357,19.3,0.0,1.9,1.9,1.0,Right,No
1,1982,SP,Bill Laskey,24,13,12,0.52,3.14,32,31,0,7,1,0,189.1,186,74,66,14,43,2,88,2,2,2,781,114,3.46,1.21,8.8,0.7,2.0,4.2,2.05,Right,No
2,1982,SP,Atlee Hammaker,24,12,8,0.6,4.11,29,27,0,4,1,0,175.0,189,86,80,16,28,8,102,2,4,2,725,87,3.25,1.24,9.7,0.8,1.4,5.2,3.64,Left,No
3,1982,SP,Rich Gale,28,7,14,0.333,4.23,33,29,0,2,0,0,170.1,193,91,80,9,81,11,102,5,0,5,765,85,3.72,1.609,10.2,0.5,4.3,5.4,1.26,Right,No
4,1982,SP,Renie Martin,26,7,10,0.412,4.65,29,25,1,1,0,0,141.1,148,91,73,14,64,9,63,0,2,2,619,77,4.47,1.5,9.4,0.9,4.1,4.0,0.98,Right,No
5,1982,SP,Alan Fowlkes,23,4,2,0.667,5.19,21,15,2,1,0,0,85.0,111,55,49,12,24,3,50,5,3,3,387,69,4.4,1.588,11.8,1.3,2.5,5.3,2.08,Right,No
6,1982,CL,Greg Minton,30,10,4,0.714,1.83,78,0,66,0,0,30,123.0,108,29,25,5,42,17,58,2,0,7,496,196,3.38,1.22,7.9,0.4,3.1,4.2,1.38,Right,No
7,1982,RP,Fred Breining,26,11,6,0.647,3.08,54,9,16,2,0,0,143.1,146,61,49,6,52,10,98,1,1,1,613,116,3.0,1.381,9.2,0.4,3.3,6.2,1.88,Right,No
8,1982,RP,Al Holland,29,7,3,0.7,3.33,58,7,10,0,0,5,129.2,115,56,48,12,40,6,97,1,1,6,546,108,3.37,1.195,8.0,0.8,2.8,6.7,2.43,Left,No
9,1982,RP,Jim Barr,34,4,3,0.571,3.29,53,9,9,1,1,2,128.2,125,54,47,9,20,5,36,4,1,1,520,109,3.63,1.127,8.7,0.6,1.4,2.5,1.8,Right,No
10,1982,RP,Gary Lavelle,33,10,7,0.588,2.67,68,0,35,0,0,8,104.2,97,35,31,6,29,12,76,1,2,2,432,135,2.87,1.204,8.3,0.5,2.5,6.5,2.62,Left,No
11,1982,,Dan Schatzeder,27,1,4,0.2,7.29,13,3,1,0,0,0,33.1,47,30,27,3,12,4,18,0,0,2,155,50,3.89,1.77,12.7,0.8,3.2,4.9,1.5,Left,No
12,1982,,Mike Chris,24,0,2,0.0,4.85,9,6,0,0,0,0,26.0,23,16,14,2,26,2,10,1,3,0,124,75,6.06,1.885,8.0,0.7,9.0,3.5,0.38,Left,No
13,1982,,Andy McGaffigan,25,1,0,1.0,0.0,4,0,2,0,0,0,8.0,5,1,0,0,1,0,4,1,0,0,30,0,2.47,0.75,5.6,0.0,1.1,4.5,4.0,Right,No
14,1982,,Mark Dempsey,24,0,0,0.0,7.94,3,1,1,0,0,0,5.2,11,5,5,1,2,0,4,0,0,0,28,48,4.66,2.294,17.5,1.6,3.2,6.4,2.0,Right,No
15,1982,,Scott Garrelts,20,0,0,0.0,13.5,1,0,1,0,0,0,2.0,3,3,3,0,2,0,4,0,0,0,11,32,1.72,2.5,13.5,0.0,9.0,18.0,2.0,Right,No
1,1981,SP,Doyle Alexander,30,11,7,0.611,2.89,24,24,0,1,1,0,152.1,156,51,49,11,44,2,77,2,1,4,646,119,3.43,1.313,9.2,0.6,2.6,4.5,1.75,Right,No
2,1981,SP,Tom Griffin,33,8,8,0.5,3.76,22,22,0,3,1,0,129.1,121,62,54,8,57,8,83,7,2,5,557,91,3.61,1.376,8.4,0.6,4.0,5.8,1.46,Right,No
3,1981,SP,Vida Blue,31,8,6,0.571,2.45,18,18,0,1,0,0,124.2,97,40,34,7,54,3,63,1,0,7,513,140,3.64,1.211,7.0,0.5,3.9,4.5,1.17,Left,No
4,1981,SP,Ed Whitson,26,6,9,0.4,4.02,22,22,0,2,1,0,123.0,130,61,55,10,47,5,65,2,2,3,534,85,3.8,1.439,9.5,0.7,3.4,4.8,1.38,Right,No
5,1981,SP,Allen Ripley,28,4,4,0.5,4.07,19,14,1,1,0,0,90.2,103,45,41,5,27,2,47,3,1,6,396,84,3.27,1.434,10.2,0.5,2.7,4.7,1.74,Right,No
6,1981,CL,Greg Minton,29,4,5,0.444,2.88,55,0,44,0,0,21,84.1,84,28,27,0,36,8,29,0,2,2,359,119,3.19,1.423,9.0,0.0,3.8,3.1,0.81,Right,No
7,1981,RP,Al Holland,28,7,5,0.583,2.41,47,3,23,0,0,7,100.2,87,31,27,4,44,11,78,2,0,3,431,142,2.94,1.301,7.8,0.4,3.9,7.0,1.77,Left,No
8,1981,RP,Fred Breining,25,5,2,0.714,2.55,45,1,15,0,0,1,77.2,66,28,22,4,38,8,37,2,3,3,326,135,3.86,1.339,7.6,0.5,4.4,4.3,0.97,Right,No
9,1981,RP,Gary Lavelle,32,2,6,0.25,3.84,34,3,10,0,0,4,65.2,58,33,28,3,23,4,45,2,2,1,269,90,2.97,1.234,7.9,0.4,3.2,6.2,1.96,Left,No
10,1981,RP,Bob Tufts,25,0,0,0.0,3.52,11,0,4,0,0,0,15.1,20,9,6,1,6,0,12,1,0,2,74,100,3.25,1.696,11.7,0.6,3.5,7.0,2.0,Left,No
11,1981,,Alan Hargesheimer,26,1,2,0.333,4.34,6,3,2,0,0,0,18.2,20,9,9,1,9,2,6,1,0,0,80,81,4.26,1.554,9.6,0.5,4.3,2.9,0.67,Right,No
12,1981,,Mike Rowland,28,0,1,0.0,3.45,9,1,3,0,0,0,15.2,13,7,6,1,6,2,8,1,0,0,66,102,3.75,1.213,7.5,0.6,3.4,4.6,1.33,Right,No
13,1981,,Randy Moffitt,32,0,0,0.0,7.94,10,0,1,0,0,0,11.1,15,10,10,2,2,1,11,0,0,0,51,45,3.48,1.5,11.9,1.6,1.6,8.7,5.5,Right,No
1,1980,SP,Vida Blue,30,14,10,0.583,2.97,31,31,0,10,3,0,224.0,202,79,74,14,61,8,129,0,2,3,914,119,3.23,1.174,8.1,0.6,2.5,5.2,2.11,Left,No
2,1980,SP,Bob Knepper,26,9,16,0.36,4.1,35,33,1,8,1,0,215.1,242,114,98,15,61,10,103,8,1,2,943,87,3.66,1.407,10.1,0.6,2.5,4.3,1.69,Left,No
3,1980,SP,Ed Whitson,25,11,13,0.458,3.1,34,34,0,6,2,0,211.2,222,88,73,7,56,7,90,4,1,1,898,114,3.18,1.313,9.4,0.3,2.4,3.8,1.61,Right,No
4,1980,SP,John Montefusco,30,4,8,0.333,4.37,22,17,0,1,0,0,113.1,120,61,55,15,39,6,85,2,1,2,498,81,4.06,1.403,9.5,1.2,3.1,6.8,2.18,Right,No
5,1980,SP,Allen Ripley,27,9,10,0.474,4.15,23,20,2,2,0,0,112.2,119,59,52,10,36,6,65,4,3,5,486,85,3.82,1.376,9.5,0.8,2.9,5.2,1.81,Right,No
6,1980,SP,Alan Hargesheimer,25,4,6,0.4,4.32,15,13,1,0,0,0,75.0,82,38,36,3,32,2,40,0,2,2,325,82,3.49,1.52,9.8,0.4,3.8,4.8,1.25,Right,No
7,1980,CL,Greg Minton,28,4,6,0.4,2.46,68,0,38,0,0,19,91.1,81,28,25,0,34,6,42,0,1,7,377,144,2.95,1.259,8.0,0.0,3.4,4.1,1.24,Right,No
8,1980,RP,Tom Griffin,32,5,1,0.833,2.76,42,4,8,0,0,0,107.2,80,35,33,8,49,6,79,8,3,4,447,129,3.84,1.198,6.7,0.7,4.1,6.6,1.61,Right,No
9,1980,RP,Gary Lavelle,31,6,8,0.429,3.42,62,0,28,0,0,9,100.0,106,43,38,4,36,11,66,0,3,1,434,104,3.03,1.42,9.5,0.4,3.2,5.9,1.83,Left,No
10,1980,RP,Al Holland,27,5,3,0.625,1.75,54,0,31,0,0,7,82.1,71,21,16,2,34,8,65,1,3,1,349,203,2.76,1.275,7.8,0.2,3.7,7.1,1.91,Left,No
11,1980,RP,Mike Rowland,27,1,1,0.5,2.33,19,0,14,0,0,0,27.0,20,8,7,2,8,2,8,1,0,0,109,154,4.12,1.037,6.7,0.7,2.7,2.7,1.0,Right,No
12,1980,,Bill Bordley,22,2,3,0.4,4.7,8,6,0,0,0,0,30.2,34,19,16,3,21,1,11,0,0,1,141,76,5.36,1.793,10.0,0.9,6.2,3.2,0.52,Left,No
13,1980,,Ed Halicki,29,0,0,0.0,5.4,11,2,4,0,0,0,25.0,29,15,15,5,10,1,14,0,0,0,110,67,5.43,1.56,10.4,1.8,3.6,5.0,1.4,Right,No
14,1980,,Randy Moffitt,31,1,1,0.5,4.86,13,0,5,0,0,0,16.2,18,10,9,2,4,2,10,1,0,1,69,75,4.01,1.32,9.7,1.1,2.2,5.4,2.5,Right,No
15,1980,,Fred Breining,24,0,0,0.0,5.4,5,0,1,0,0,0,6.2,8,4,4,0,4,1,3,1,0,0,30,70,4.1,1.8,10.8,0.0,5.4,4.1,0.75,Right,No
16,1980,,Phil Nastu,25,0,0,0.0,6.0,6,0,1,0,0,0,6.0,10,9,4,1,5,1,1,0,0,1,33,63,7.09,2.5,15.0,1.5,7.5,1.5,0.2,Left,No
17,1980,,Jeff Stember,22,0,0,0.0,3.0,1,1,0,0,0,0,3.0,2,3,1,1,2,0,0,0,1,0,14,135,9.09,1.333,6.0,3.0,6.0,0.0,0.0,Right,No
1,1979,SP,Vida Blue,29,14,14,0.5,5.01,34,34,0,10,0,0,237.0,246,143,132,23,111,11,138,1,0,8,1041,70,4.25,1.506,9.3,0.9,4.2,5.2,1.24,Left,No
2,1979,SP,Bob Knepper,25,9,12,0.429,4.64,34,34,0,6,2,0,207.1,241,117,107,30,77,8,123,3,1,6,926,76,4.58,1.534,10.5,1.3,3.3,5.3,1.6,Left,No
3,1979,SP,John Montefusco,29,3,8,0.273,3.94,22,22,0,0,0,0,137.0,145,64,60,15,51,7,76,2,0,3,585,89,4.21,1.431,9.5,1.0,3.4,5.0,1.49,Right,No
4,1979,SP,Ed Halicki,28,5,8,0.385,4.58,33,19,3,3,1,0,125.2,134,82,64,12,47,8,81,3,1,2,562,77,3.88,1.44,9.6,0.9,3.4,5.8,1.72,Right,No
5,1979,SP,John Curtis,31,10,9,0.526,4.18,27,18,5,3,2,0,120.2,121,62,56,15,42,7,85,0,0,8,520,84,3.98,1.351,9.0,1.1,3.1,6.3,2.02,Left,No
6,1979,SP,Ed Whitson,24,5,8,0.385,3.95,18,17,1,2,0,0,100.1,98,47,44,5,39,6,62,4,1,3,439,89,3.43,1.365,8.8,0.4,3.5,5.6,1.59,Right,No
7,1979,CL,Gary Lavelle,30,7,9,0.438,2.51,70,0,55,0,0,20,96.2,86,31,27,5,42,15,80,2,4,2,407,141,3.11,1.324,8.0,0.5,3.9,7.4,1.9,Left,No
8,1979,RP,Tom Griffin,31,5,6,0.455,3.91,59,3,13,0,0,2,94.1,83,46,41,9,46,8,82,4,0,5,407,90,3.82,1.367,7.9,0.9,4.4,7.8,1.78,Right,No
9,1979,RP,Greg Minton,27,4,3,0.571,1.81,46,0,18,0,0,4,79.2,59,25,16,0,27,7,33,2,2,8,314,196,3.0,1.079,6.7,0.0,3.1,3.7,1.22,Right,No
10,1979,RP,Pedro Borbón,32,4,3,0.571,4.89,30,0,13,0,0,3,46.0,56,28,25,7,13,3,26,0,0,0,202,73,4.43,1.5,11.0,1.4,2.5,5.1,2.0,Right,No
11,1979,RP,Randy Moffitt,30,2,5,0.286,7.71,28,0,13,0,0,2,35.0,53,33,30,5,14,6,16,2,0,1,170,46,5.05,1.914,13.6,1.3,3.6,4.1,1.14,Right,No
12,1979,,Phil Nastu,24,3,4,0.429,4.32,25,14,1,1,0,0,100.0,105,51,48,14,41,5,47,2,0,2,435,82,4.9,1.46,9.5,1.3,3.7,4.2,1.15,Left,No
13,1979,,Dave Roberts,34,0,2,0.0,2.57,26,1,11,0,0,3,42.0,42,15,12,3,18,3,23,1,0,2,182,138,3.92,1.429,9.0,0.6,3.9,4.9,1.28,Left,No
14,1979,,Al Holland,26,0,0,0.0,0.0,3,0,0,0,0,0,7.0,3,0,0,0,5,0,7,0,0,0,29,0,2.87,1.143,3.9,0.0,6.4,9.0,1.4,Left,No
15,1979,,Joe Coleman,32,0,0,0.0,0.0,5,0,1,0,0,0,3.2,3,2,0,0,2,0,0,1,0,0,18,0,5.19,1.364,7.4,0.0,4.9,0.0,0.0,Right,No
16,1979,,Ed Plank,27,0,0,0.0,7.36,4,0,3,0,0,0,3.2,9,5,3,0,2,1,1,0,0,0,22,53,3.82,3.0,22.1,0.0,4.9,2.5,0.5,Right,No
1,1978,SP,Bob Knepper,24,17,11,0.607,2.63,36,35,1,16,6,0,260.0,218,85,76,10,85,11,147,4,0,6,1062,131,2.98,1.165,7.5,0.3,2.9,5.1,1.73,Left,No
2,1978,SP,Vida Blue,28,18,10,0.643,2.79,35,35,0,9,4,0,258.0,233,87,80,12,70,4,171,0,0,5,1042,123,2.68,1.174,8.1,0.4,2.4,6.0,2.44,Left,No
3,1978,SP,John Montefusco,28,11,9,0.55,3.81,36,36,0,3,0,0,238.2,233,110,101,25,68,6,177,4,3,4,1003,90,3.37,1.261,8.8,0.9,2.6,6.7,2.6,Right,No
4,1978,SP,Ed Halicki,27,9,10,0.474,2.85,29,28,1,9,4,1,199.0,166,74,63,11,45,9,105,7,3,1,819,121,3.03,1.06,7.5,0.5,2.0,4.7,2.33,Right,No
5,1978,SP,Jim Barr,30,8,11,0.421,3.53,32,25,2,5,2,1,163.0,180,69,64,7,35,6,44,0,2,0,690,98,3.25,1.319,9.9,0.4,1.9,2.4,1.26,Right,No
6,1978,CL,Gary Lavelle,29,13,10,0.565,3.32,67,0,39,0,0,14,97.2,96,41,36,3,44,11,63,2,1,2,424,104,3.11,1.433,8.8,0.3,4.1,5.8,1.43,Left,No
7,1978,RP,Randy Moffitt,29,8,4,0.667,3.31,70,0,38,0,0,12,81.2,79,35,30,5,33,13,52,3,0,3,355,105,3.43,1.371,8.7,0.6,3.6,5.7,1.58,Right,No
8,1978,RP,John Curtis,30,4,3,0.571,3.71,46,0,22,0,0,1,63.0,60,31,26,1,29,8,38,0,0,6,270,93,2.97,1.413,8.6,0.1,4.1,5.4,1.31,Left,No
9,1978,RP,Charlie Williams,30,1,3,0.25,5.44,25,1,9,0,0,0,48.0,60,31,29,5,28,6,22,1,0,3,225,64,4.84,1.833,11.3,0.9,5.3,4.1,0.79,Right,No
10,1978,RP,Greg Minton,26,0,1,0.0,8.04,11,0,3,0,0,0,15.2,22,14,14,3,8,1,6,1,0,0,76,44,6.03,1.915,12.6,1.7,4.6,3.4,0.75,Right,No
11,1978,,Lynn McGlothen,28,0,0,0.0,4.97,5,1,0,0,0,0,12.2,15,9,7,0,4,0,9,0,0,2,56,72,2.11,1.5,10.7,0.0,2.8,6.4,2.25,Right,No
12,1978,,Phil Nastu,23,0,1,0.0,5.63,3,1,2,0,0,0,8.0,8,5,5,1,2,0,5,0,0,0,33,65,3.71,1.25,9.0,1.1,2.3,5.6,2.5,Left,No
13,1978,,Ed Plank,26,0,0,0.0,4.05,5,0,3,0,0,0,6.2,6,3,3,1,2,1,1,0,0,0,25,91,5.14,1.2,8.1,1.4,2.7,1.4,0.5,Right,No
14,1978,,Terry Cornutt,25,0,0,0.0,0.0,1,0,0,0,0,0,3.0,1,0,0,0,0,0,0,0,0,0,10,0,2.59,0.333,3.0,0.0,0.0,0.0,0.0,Right,No
1,1977,SP,Ed Halicki,26,16,12,0.571,3.32,37,37,0,7,2,0,257.2,241,105,95,27,70,5,168,7,3,1,1076,118,3.69,1.207,8.4,0.9,2.4,5.9,2.4,Right,No
2,1977,SP,Jim Barr,29,12,16,0.429,4.76,38,38,0,6,2,0,234.1,286,130,124,18,56,4,97,3,2,2,1011,82,3.67,1.459,11.0,0.7,2.2,3.7,1.73,Right,No
3,1977,SP,Bob Knepper,23,11,9,0.55,3.36,27,27,0,6,2,0,166.0,151,73,62,14,72,2,100,3,0,6,710,117,3.99,1.343,8.2,0.8,3.9,5.4,1.39,Left,No
4,1977,SP,John Montefusco,27,7,12,0.368,3.49,26,25,0,4,0,0,157.1,170,82,61,10,46,6,110,3,0,5,689,112,3.1,1.373,9.7,0.6,2.6,6.3,2.39,Right,No
5,1977,SP,Lynn McGlothen,27,2,9,0.182,5.63,21,15,3,2,0,0,80.0,94,62,50,9,52,4,42,1,0,3,373,70,5.14,1.825,10.6,1.0,5.9,4.7,0.81,Right,No
6,1977,CL,Gary Lavelle,28,7,7,0.5,2.05,73,0,49,0,0,20,118.1,106,35,27,4,37,18,93,0,0,2,485,191,2.54,1.208,8.1,0.3,2.8,7.1,2.51,Left,No
7,1977,RP,Charlie Williams,29,6,5,0.545,4.0,55,8,10,1,0,0,119.1,116,62,53,9,60,16,41,3,0,3,512,98,4.62,1.475,8.7,0.7,4.5,3.1,0.68,Right,No
8,1977,RP,Dave Heaverlo,26,5,1,0.833,2.55,56,0,12,0,0,1,98.2,92,36,28,10,21,8,58,3,0,0,398,154,3.61,1.145,8.4,0.9,1.9,5.3,2.76,Right,No
9,1977,RP,Randy Moffitt,28,4,9,0.308,3.59,64,0,32,0,0,11,87.2,91,41,35,4,39,13,68,3,0,3,388,109,3.22,1.483,9.3,0.4,4.0,7.0,1.74,Right,No
10,1977,RP,John Curtis,29,3,3,0.5,5.49,43,9,13,1,1,1,77.0,95,48,47,5,48,9,47,1,0,4,360,72,4.27,1.857,11.1,0.6,5.6,5.5,0.98,Left,No
11,1977,,Terry Cornutt,24,1,2,0.333,3.86,28,1,12,0,0,0,44.1,38,24,19,4,22,5,23,0,0,3,191,102,4.36,1.353,7.7,0.8,4.5,4.7,1.05,Right,No
12,1977,,Greg Minton,25,1,1,0.5,4.5,2,2,0,0,0,0,14.0,14,8,7,0,4,0,5,0,1,2,57,89,2.88,1.286,9.0,0.0,2.6,3.2,1.25,Right,No
13,1977,,Tommy Toms,25,0,1,0.0,2.08,4,0,4,0,0,0,4.1,7,5,1,0,2,0,2,0,0,0,23,205,3.2,2.077,14.5,0.0,4.2,4.2,1.0,Right,No
1,1976,SP,John Montefusco,26,16,14,0.533,2.84,37,36,0,11,6,0,253.1,224,90,80,11,74,8,172,4,1,3,1045,127,2.76,1.176,8.0,0.4,2.6,6.1,2.32,Right,No
2,1976,SP,Jim Barr,28,15,12,0.556,2.89,37,37,0,8,3,0,252.1,260,104,81,9,60,7,75,2,2,3,1056,125,3.24,1.268,9.3,0.3,2.1,2.7,1.25,Right,No
3,1976,SP,Ed Halicki,25,12,14,0.462,3.62,32,31,1,8,4,0,186.1,171,86,75,10,61,7,130,2,0,4,770,100,2.95,1.245,8.3,0.5,2.9,6.3,2.13,Right,No
4,1976,SP,Rob Dressler,22,3,10,0.231,4.43,25,19,2,0,0,0,107.2,125,68,53,8,35,4,33,2,0,1,480,82,4.02,1.486,10.4,0.7,2.9,2.8,0.94,Right,No
5,1976,SP,John D'Acquisto,24,3,8,0.273,5.35,28,19,5,0,0,0,106.0,93,69,63,5,102,1,53,3,1,10,503,68,5.22,1.84,7.9,0.4,8.7,4.5,0.52,Right,No
6,1976,CL,Randy Moffitt,27,6,6,0.5,2.27,58,0,31,0,0,14,103.0,92,36,26,6,35,9,50,1,1,5,437,160,3.47,1.233,8.0,0.5,3.1,4.4,1.43,Right,No
7,1976,RP,Gary Lavelle,27,10,6,0.625,2.69,65,0,40,0,0,12,110.1,102,37,33,6,52,10,71,2,0,1,478,135,3.52,1.396,8.3,0.5,4.2,5.8,1.37,Left,No
8,1976,RP,Mike Caldwell,27,1,7,0.125,4.86,50,9,19,0,0,2,107.1,145,74,58,5,20,2,55,2,0,7,480,75,2.83,1.537,12.2,0.4,1.7,4.6,2.75,Left,No
9,1976,RP,Charlie Williams,28,2,0,1.0,2.96,48,2,13,0,0,1,85.0,80,33,28,4,39,2,34,2,1,3,365,122,3.89,1.4,8.5,0.4,4.1,3.6,0.87,Right,No
10,1976,RP,Dave Heaverlo,25,4,4,0.5,4.44,61,0,15,0,0,1,75.0,85,45,37,2,15,3,40,2,2,5,322,82,2.59,1.333,10.2,0.2,1.8,4.8,2.67,Right,No
11,1976,,Greg Minton,24,0,3,0.0,4.91,10,2,5,0,0,0,25.2,32,18,14,0,12,1,7,1,1,3,117,75,3.61,1.714,11.2,0.0,4.2,2.5,0.58,Right,No
12,1976,,Bob Knepper,22,1,2,0.333,3.24,4,4,0,0,0,0,25.0,26,9,9,0,7,1,11,0,0,2,104,113,2.59,1.32,9.4,0.0,2.5,4.0,1.57,Left,No
13,1976,,Frank Riccelli,23,1,1,0.5,5.63,4,3,0,0,0,0,16.0,16,10,10,1,5,0,11,0,0,0,68,66,3.01,1.313,9.0,0.6,2.8,6.2,2.2,Left,No
14,1976,,Tommy Toms,24,0,1,0.0,6.23,7,0,4,0,0,1,8.2,13,7,6,1,1,0,4,0,0,0,39,61,3.56,1.615,13.5,1.0,1.0,4.2,4.0,Right,No
1,1975,SP,Jim Barr,27,13,14,0.481,3.06,35,33,2,12,2,0,244.0,244,94,83,17,58,10,77,3,1,3,1004,125,3.61,1.238,9.0,0.6,2.1,2.8,1.33,Right,No
2,1975,SP,John Montefusco,25,15,9,0.625,2.88,35,34,1,10,4,0,243.2,210,85,78,11,86,12,215,8,2,6,1018,133,2.57,1.215,7.8,0.4,3.2,7.9,2.5,Right,No
3,1975,SP,Pete Falcone,21,12,11,0.522,4.17,34,32,1,3,1,0,190.0,171,97,88,16,111,7,131,4,5,9,836,92,4.12,1.484,8.1,0.8,5.3,6.2,1.18,Left,No
4,1975,SP,Mike Caldwell,26,7,13,0.35,4.79,38,21,4,4,0,1,163.1,194,102,87,16,48,7,57,5,0,1,723,80,4.14,1.482,10.7,0.9,2.6,3.1,1.19,Left,No
5,1975,SP,Ed Halicki,24,9,13,0.409,3.49,24,23,1,7,2,0,159.2,143,76,62,6,59,7,153,3,1,2,679,109,2.32,1.265,8.1,0.3,3.3,8.6,2.59,Right,No
6,1975,CL,Randy Moffitt,26,4,5,0.444,3.89,55,0,33,0,0,11,74.0,73,35,32,6,32,6,39,3,0,4,327,99,4.01,1.419,8.9,0.7,3.9,4.7,1.22,Right,No
7,1975,RP,Charlie Williams,27,5,3,0.625,3.49,55,2,21,0,0,3,98.0,94,41,38,2,66,14,45,4,0,9,438,110,4.08,1.633,8.6,0.2,6.1,4.1,0.68,Right,No
8,1975,RP,Gary Lavelle,26,6,3,0.667,2.95,65,0,29,0,0,8,82.1,80,30,27,3,48,12,51,3,3,2,370,130,3.68,1.555,8.7,0.3,5.2,5.6,1.06,Left,No
9,1975,RP,Dave Heaverlo,24,3,1,0.75,2.39,42,0,23,0,0,1,64.0,62,18,17,2,31,4,35,1,1,7,275,161,3.4,1.453,8.7,0.3,4.4,4.9,1.13,Right,No
10,1975,RP,Tom Bradley,28,2,3,0.4,6.21,13,6,0,0,0,0,42.0,57,33,29,6,18,4,13,1,0,0,199,62,5.18,1.786,12.2,1.3,3.9,2.8,0.72,Right,No
11,1975,,John D'Acquisto,23,2,4,0.333,10.29,10,6,3,0,0,0,28.0,29,35,32,5,34,0,22,2,0,5,148,38,7.19,2.25,9.3,1.6,10.9,7.1,0.65,Right,No
12,1975,,Greg Minton,23,1,1,0.5,6.88,4,2,0,0,0,0,17.0,19,14,13,1,11,3,6,1,1,2,79,57,4.76,1.765,10.1,0.5,5.8,3.2,0.55,Right,No
13,1975,,Rob Dressler,21,1,0,1.0,1.1,3,2,1,1,0,0,16.1,17,3,2,0,4,2,6,0,0,1,67,355,2.59,1.286,9.4,0.0,2.2,3.3,1.5,Right,No
14,1975,,Tommy Toms,23,0,1,0.0,6.1,7,0,5,0,0,0,10.1,13,8,7,1,6,5,6,0,1,0,48,65,4.43,1.839,11.3,0.9,5.2,5.2,1.0,Right,No
1,1974,SP,Jim Barr,26,13,9,0.591,2.74,44,27,5,11,5,2,239.2,223,81,73,17,47,10,84,2,4,3,959,139,3.41,1.127,8.4,0.6,1.8,3.2,1.79,Right,No
2,1974,SP,John D'Acquisto,22,12,14,0.462,3.77,38,36,1,5,1,0,215.0,182,101,90,13,124,7,167,6,2,9,936,101,3.62,1.423,7.6,0.5,5.2,7.0,1.35,Right,No
3,1974,SP,Mike Caldwell,25,14,5,0.737,2.95,31,27,3,6,2,0,189.1,176,80,62,17,63,1,83,4,0,2,788,130,3.93,1.262,8.4,0.8,3.0,3.9,1.32,Left,No
4,1974,SP,Tom Bradley,27,8,11,0.421,5.16,30,21,3,2,0,0,134.1,152,90,77,15,52,4,72,1,0,2,609,74,4.14,1.519,10.2,1.0,3.5,4.8,1.38,Right,No
5,1974,SP,Ron Bryant,26,3,15,0.167,5.61,41,23,5,0,0,0,126.2,142,92,79,11,68,4,75,4,0,2,593,68,4.23,1.658,10.1,0.8,4.8,5.3,1.1,Left,No
6,1974,SP,Ed Halicki,23,1,8,0.111,4.24,16,11,0,2,0,0,74.1,84,49,35,6,31,8,40,2,3,4,348,90,3.88,1.547,10.2,0.7,3.8,4.8,1.29,Right,No
7,1974,CL,Randy Moffitt,25,5,7,0.417,4.5,61,1,47,0,0,15,102.0,99,52,51,9,29,4,49,2,0,3,431,85,3.68,1.255,8.7,0.8,2.6,4.3,1.69,Right,No
8,1974,RP,Elias Sosa,24,9,7,0.563,3.48,68,0,30,0,0,6,101.0,94,54,39,8,45,5,48,1,0,4,435,110,4.02,1.376,8.4,0.7,4.0,4.3,1.07,Right,No
9,1974,RP,Charlie Williams,26,1,3,0.25,2.78,39,7,7,0,0,0,100.1,93,38,31,6,31,6,48,2,0,4,414,138,3.39,1.236,8.3,0.5,2.8,4.3,1.55,Right,No
10,1974,RP,Jim Willoughby,25,1,4,0.2,4.65,18,4,5,0,0,0,40.2,51,27,21,7,9,1,12,0,0,0,181,83,4.89,1.475,11.3,1.5,2.0,2.7,1.33,Right,No
11,1974,RP,John Morris,32,1,1,0.5,3.05,17,0,7,0,0,1,20.2,17,7,7,1,4,1,9,0,1,2,83,127,2.92,1.016,7.4,0.4,1.7,3.9,2.25,Left,No
12,1974,,John Montefusco,24,3,2,0.6,4.81,7,5,1,1,1,0,39.1,41,22,21,3,19,0,34,0,0,0,179,80,3.29,1.525,9.4,0.7,4.3,7.8,1.79,Right,No
13,1974,,Gary Lavelle,25,0,3,0.0,2.16,10,0,4,0,0,0,16.2,14,7,4,1,10,2,12,0,0,0,75,181,3.72,1.44,7.6,0.5,5.4,6.5,1.2,Left,No
14,1974,,Steve Barber,36,0,1,0.0,5.27,13,0,6,0,0,1,13.2,13,12,8,0,12,1,13,0,0,2,66,74,3.31,1.829,8.6,0.0,7.9,8.6,1.08,Left,No
15,1974,,Butch Metzger,22,1,0,1.0,3.55,10,0,4,0,0,0,12.2,11,5,5,0,12,7,5,0,0,0,60,111,4.63,1.816,7.8,0.0,8.5,3.6,0.42,Right,No
16,1974,,Don McMahon,44,0,0,0.0,3.09,9,0,6,0,0,0,11.2,13,5,4,2,2,0,5,0,0,1,50,128,4.46,1.286,10.0,1.5,1.5,3.9,2.5,Right,No
17,1974,,Don Rose,27,0,0,0.0,9.0,2,0,1,0,0,0,1.0,4,1,1,0,1,0,0,0,0,0,7,59,5.58,5.0,36.0,0.0,9.0,0.0,0.0,Right,No
1,1973,SP,Ron Bryant,25,24,12,0.667,3.53,41,39,1,8,0,0,270.0,240,125,106,23,115,12,143,9,1,8,1165,109,3.99,1.315,8.0,0.8,3.8,4.8,1.24,Left,No
2,1973,SP,Jim Barr,25,11,17,0.393,3.81,41,33,4,8,3,2,231.1,240,105,98,24,49,7,88,5,0,3,966,101,3.85,1.249,9.3,0.9,1.9,3.4,1.8,Right,No
3,1973,SP,Tom Bradley,26,13,12,0.52,3.9,35,34,0,6,1,0,224.0,212,109,97,26,69,10,136,3,0,7,945,99,3.82,1.254,8.5,1.0,2.8,5.5,1.97,Right,No
4,1973,SP,Juan Marichal,35,11,15,0.423,3.82,34,32,1,9,2,0,207.1,231,104,88,22,37,7,87,1,3,2,888,101,3.66,1.293,10.0,1.0,1.6,3.8,2.35,Right,No
5,1973,CL,Elias Sosa,23,10,4,0.714,3.28,71,1,46,0,0,18,107.0,95,42,39,7,41,8,70,4,1,8,449,118,3.37,1.271,8.0,0.6,3.4,5.9,1.71,Right,No
6,1973,RP,Jim Willoughby,24,4,5,0.444,4.68,39,12,10,1,1,1,123.0,138,74,64,21,37,4,60,3,0,3,518,83,4.79,1.423,10.1,1.5,2.7,4.4,1.62,Right,No
7,1973,RP,Randy Moffitt,24,4,4,0.5,2.42,60,0,34,0,0,14,100.1,86,30,27,9,31,4,65,1,0,5,419,160,3.39,1.166,7.7,0.8,2.8,5.8,2.1,Right,No
8,1973,RP,Don Carrithers,23,1,2,0.333,4.81,25,3,3,0,0,0,58.0,64,40,31,2,35,2,36,4,0,6,273,81,3.79,1.707,9.9,0.3,5.4,5.6,1.03,Right,No
9,1973,RP,Don McMahon,43,4,0,1.0,1.48,22,0,16,0,0,6,30.1,21,5,5,1,7,3,20,0,0,3,119,263,2.37,0.923,6.2,0.3,2.1,5.9,2.86,Right,No
10,1973,,Sam McDowell,30,1,2,0.333,4.5,18,3,6,0,0,3,40.0,45,23,20,4,29,0,35,0,0,5,190,86,4.29,1.85,10.1,0.9,6.5,7.9,1.21,Left,No
11,1973,,John D'Acquisto,21,1,1,0.5,3.58,7,3,1,1,0,0,27.2,23,14,11,4,19,0,29,0,0,3,125,109,4.41,1.518,7.5,1.3,6.2,9.4,1.53,Right,No
12,1973,,Charlie Williams,25,3,0,1.0,6.65,12,2,2,0,0,0,23.0,32,19,17,2,7,2,11,0,0,1,109,59,3.65,1.696,12.5,0.8,2.7,4.3,1.57,Right,No
13,1973,,John Morris,31,1,0,1.0,8.53,7,0,3,0,0,0,6.1,12,8,6,0,3,0,3,0,0,2,32,48,3.04,2.368,17.1,0.0,4.3,4.3,1.0,Left,No
14,1973,,Dave Kingman,24,0,0,0.0,9.0,2,0,2,0,0,0,4.0,3,4,4,0,6,0,4,0,0,2,21,47,5.07,2.25,6.8,0.0,13.5,9.0,0.67,Right,No
1,1972,SP,Ron Bryant,24,14,7,0.667,2.9,35,28,1,11,4,0,214.0,176,81,69,20,77,5,107,2,2,8,879,121,3.72,1.182,7.4,0.8,3.2,4.5,1.39,Left,No
2,1972,SP,Juan Marichal,34,6,16,0.273,3.71,25,24,1,6,0,0,165.0,176,82,68,15,46,7,72,3,0,2,699,94,3.6,1.345,9.6,0.8,2.5,3.9,1.57,Right,No
3,1972,SP,Sam McDowell,29,10,8,0.556,4.33,28,25,1,4,0,0,164.1,155,86,79,12,86,6,122,6,0,11,718,81,3.54,1.467,8.5,0.7,4.7,6.7,1.42,Left,No
4,1972,SP,Steve Stone,24,6,8,0.429,2.98,27,16,2,4,1,0,123.2,97,48,41,11,49,2,85,2,1,2,506,117,3.42,1.181,7.1,0.8,3.6,6.2,1.73,Right,No
5,1972,SP,Frank Reberger,28,3,4,0.429,3.99,20,11,1,2,0,0,99.1,97,49,44,10,37,2,52,5,1,4,427,88,3.93,1.349,8.8,0.9,3.4,4.7,1.41,Right,No
6,1972,SP,Don Carrithers,22,4,8,0.333,5.8,25,14,3,2,0,1,90.0,108,66,58,10,42,4,42,5,0,8,417,60,4.48,1.667,10.8,1.0,4.2,4.2,1.0,Right,No
7,1972,CL,Jerry Johnson,28,8,6,0.571,4.42,48,0,32,0,0,8,73.1,73,40,36,4,40,10,57,0,0,5,332,79,3.19,1.541,9.0,0.5,4.9,7.0,1.43,Right,No
8,1972,RP,Jim Barr,24,8,10,0.444,2.87,44,18,13,8,2,2,179.0,166,66,57,16,41,8,86,3,1,1,732,122,3.34,1.156,8.3,0.8,2.1,4.3,2.1,Right,No
9,1972,RP,Randy Moffitt,23,1,5,0.167,3.69,40,0,20,0,0,4,70.2,72,31,29,5,30,6,37,2,0,7,307,95,3.63,1.443,9.2,0.6,3.8,4.7,1.23,Right,No
10,1972,RP,Don McMahon,42,3,3,0.5,3.71,44,0,27,0,0,5,63.0,46,26,26,8,21,3,45,1,0,2,253,95,3.67,1.063,6.6,1.1,3.0,6.4,2.14,Right,No
11,1972,RP,Elias Sosa,22,0,1,0.0,2.3,8,0,4,0,0,3,15.2,10,4,4,0,12,0,10,0,0,0,67,156,3.42,1.404,5.7,0.0,6.9,5.7,0.83,Right,No
12,1972,,Jim Willoughby,23,6,4,0.6,2.36,11,11,0,7,0,0,87.2,72,25,23,8,14,4,40,2,0,2,349,149,3.22,0.981,7.4,0.8,1.4,4.1,2.86,Right,No
13,1972,,John Cumberland,25,0,4,0.0,8.64,9,6,1,0,0,0,25.0,38,29,24,6,7,0,8,0,1,1,124,41,5.72,1.8,13.7,2.2,2.5,2.9,1.14,Left,No
14,1972,,Charlie Williams,24,0,2,0.0,8.68,3,2,0,0,0,0,9.1,14,10,9,3,3,0,3,0,0,0,46,42,6.9,1.821,13.5,2.9,2.9,2.9,1.0,Right,No
15,1972,,John Morris,30,0,0,0.0,4.26,7,0,5,0,0,0,6.1,9,6,3,2,2,0,5,0,0,0,31,88,5.87,1.737,12.8,2.8,2.8,7.1,2.5,Left,No
1,1971,SP,Gaylord Perry,32,16,12,0.571,2.76,37,37,0,14,2,0,280.0,255,116,86,20,67,4,158,5,0,8,1149,124,3.02,1.15,8.2,0.6,2.2,5.1,2.36,Right,No
2,1971,SP,Juan Marichal,33,18,11,0.621,2.94,37,37,0,18,4,0,279.0,244,113,91,27,56,6,159,3,1,6,1124,117,3.2,1.075,7.9,0.9,1.8,5.1,2.84,Right,No
3,1971,SP,Ron Bryant,23,7,10,0.412,3.79,27,22,2,3,2,0,140.0,146,69,59,9,49,3,79,3,1,2,603,91,3.27,1.393,9.4,0.6,3.2,5.1,1.61,Left,No
4,1971,SP,Steve Stone,23,5,9,0.357,4.15,24,19,1,2,2,0,110.2,110,56,51,9,55,4,63,3,1,2,485,83,3.94,1.491,8.9,0.7,4.5,5.1,1.15,Right,No
5,1971,SP,Don Carrithers,21,5,3,0.625,4.03,22,12,2,2,1,1,80.1,77,48,36,6,37,1,41,2,0,7,353,86,3.86,1.419,8.6,0.7,4.1,4.6,1.11,Right,No
6,1971,CL,Jerry Johnson,27,12,9,0.571,2.97,67,0,47,0,0,18,109.0,93,42,36,9,48,9,85,1,2,6,469,116,3.31,1.294,7.7,0.7,4.0,7.0,1.77,Right,No
7,1971,RP,John Cumberland,24,9,6,0.6,2.92,45,21,7,5,2,2,185.0,153,66,60,22,55,6,65,0,0,4,750,118,4.19,1.124,7.4,1.1,2.7,3.2,1.18,Left,No
8,1971,RP,Don McMahon,41,10,6,0.625,4.06,61,0,26,0,0,4,82.0,73,40,37,9,37,6,71,7,0,2,356,85,3.76,1.341,8.0,1.0,4.1,7.8,1.92,Right,No
9,1971,RP,Rich Robertson,26,2,2,0.5,4.57,23,6,5,1,0,1,61.0,66,40,31,5,31,3,32,2,0,2,283,76,4.09,1.59,9.7,0.7,4.6,4.7,1.03,Right,No
10,1971,RP,Steve Hamilton,36,2,2,0.5,3.02,39,0,16,0,0,4,44.2,29,15,15,4,11,6,38,1,0,1,173,115,2.72,0.896,5.8,0.8,2.2,7.7,3.45,Left,No
11,1971,,Frank Reberger,27,3,0,1.0,3.92,13,7,5,0,0,0,43.2,37,20,19,5,19,0,21,2,0,0,186,89,4.42,1.282,7.6,1.0,3.9,4.3,1.11,Right,No
12,1971,,Jim Barr,23,1,1,0.5,3.57,17,0,5,0,0,0,35.1,33,15,14,3,5,1,16,1,0,1,142,98,3.16,1.075,8.4,0.8,1.3,4.1,3.2,Right,No
13,1971,,Jim Willoughby,22,0,1,0.0,9.0,2,1,1,0,0,0,4.0,8,4,4,0,1,0,3,0,0,1,21,42,1.7,2.25,18.0,0.0,2.3,6.8,3.0,Right,No
1,1970,SP,Gaylord Perry,31,23,13,0.639,3.2,41,41,0,23,5,0,328.2,292,138,117,27,84,8,214,8,0,11,1336,125,3.24,1.144,8.0,0.7,2.3,5.9,2.55,Right,No
2,1970,SP,Juan Marichal,32,12,10,0.545,4.12,34,33,0,14,1,0,242.2,269,128,111,28,48,3,123,1,0,4,1035,98,3.73,1.306,10.0,1.0,1.8,4.6,2.56,Right,No
3,1970,SP,Rich Robertson,25,8,9,0.471,4.85,41,26,4,6,0,1,183.2,199,113,99,22,96,3,121,1,2,18,830,83,4.46,1.606,9.8,1.1,4.7,5.9,1.26,Right,No
4,1970,SP,Skip Pitlock,22,5,5,0.5,4.66,18,15,1,1,0,0,87.0,92,48,45,13,48,2,56,4,1,3,394,87,5.09,1.609,9.5,1.3,5.0,5.8,1.17,Left,No
5,1970,CL,Don McMahon,40,9,5,0.643,2.96,61,0,44,0,0,19,94.1,70,32,31,9,45,13,74,2,0,7,399,136,3.8,1.219,6.7,0.9,4.3,7.1,1.64,Right,No
6,1970,RP,Frank Reberger,26,7,8,0.467,5.57,45,18,7,3,0,2,152.0,178,108,94,13,98,6,117,7,2,15,727,72,4.28,1.816,10.5,0.8,5.8,6.9,1.19,Right,No
7,1970,RP,Ron Bryant,22,5,8,0.385,4.78,34,11,7,1,0,0,96.0,103,58,51,7,38,0,66,2,0,4,425,84,3.46,1.469,9.7,0.7,3.6,6.2,1.74,Left,No
8,1970,RP,Jerry Johnson,26,3,4,0.429,4.27,33,1,11,0,0,3,65.1,67,39,31,5,38,2,44,1,0,4,296,95,4.08,1.607,9.2,0.7,5.2,6.1,1.16,Right,No
9,1970,RP,Mike Davison,24,3,5,0.375,6.5,31,0,16,0,0,1,36.0,46,29,26,4,22,4,21,0,0,1,171,62,4.75,1.889,11.5,1.0,5.5,5.3,0.95,Left,No
10,1970,,Mike McCormick,31,3,4,0.429,6.2,23,11,7,1,0,2,78.1,80,58,54,15,36,7,37,3,0,4,351,65,5.68,1.481,9.2,1.7,4.1,4.3,1.03,Left,No
11,1970,,Frank Linzy,29,2,1,0.667,7.01,20,0,9,0,0,1,25.2,33,20,20,2,11,4,16,1,0,0,117,58,3.81,1.714,11.6,0.7,3.9,5.6,1.45,Right,No
12,1970,,Don Carrithers,20,2,1,0.667,7.36,11,2,1,0,0,0,22.0,31,19,18,5,14,1,14,0,0,2,108,55,6.23,2.045,12.7,2.0,5.7,5.7,1.0,Right,No
13,1970,,Migel Puente,22,1,3,0.25,8.2,6,4,1,1,0,0,18.2,25,18,17,5,11,1,14,0,0,0,93,50,6.39,1.929,12.1,2.4,5.3,6.8,1.27,Right,No
14,1970,,John Cumberland,23,2,0,1.0,0.82,7,0,2,0,0,0,11.0,6,3,1,0,4,0,6,0,1,1,44,508,2.64,0.909,4.9,0.0,3.3,4.9,1.5,Left,No
15,1970,,Bill Faul,30,0,0,0.0,7.45,7,0,2,0,0,1,9.2,15,9,8,1,6,2,6,0,0,0,49,56,4.6,2.172,14.0,0.9,5.6,5.6,1.0,Right,No
16,1970,,Jim Johnson,24,1,0,1.0,8.1,3,0,0,0,0,0,6.2,8,6,6,0,5,1,2,0,1,2,33,52,4.29,1.95,10.8,0.0,6.8,2.7,0.4,Left,No
1,1969,SP,Gaylord Perry,30,19,14,0.576,2.49,40,39,1,26,3,0,325.1,290,115,90,23,91,14,233,11,0,12,1345,142,2.94,1.171,8.0,0.6,2.5,6.4,2.56,Right,No
2,1969,SP,Juan Marichal,31,21,11,0.656,2.1,37,36,1,27,8,0,299.2,244,90,70,15,54,7,205,6,2,5,1176,168,2.39,0.994,7.3,0.5,1.6,6.2,3.8,Right,No
3,1969,SP,Mike McCormick,30,11,9,0.55,3.34,32,28,2,9,0,0,196.2,175,81,73,20,77,8,76,1,2,6,824,106,4.25,1.281,8.0,0.9,3.5,3.5,0.99,Left,No
4,1969,SP,Bobby Bolin,30,7,7,0.5,4.43,30,22,3,2,0,0,146.1,149,86,72,17,49,3,102,7,0,5,639,80,3.77,1.353,9.2,1.0,3.0,6.3,2.08,Right,No
5,1969,SP,Ray Sadecki,28,5,8,0.385,4.23,29,17,2,4,3,0,138.1,137,73,65,18,53,4,104,2,0,5,597,84,3.89,1.373,8.9,1.2,3.4,6.8,1.96,Left,No
6,1969,CL,Frank Linzy,28,14,9,0.609,3.64,58,0,39,0,0,11,116.1,129,57,47,5,38,15,62,3,0,8,515,97,3.06,1.436,10.0,0.4,2.9,4.8,1.63,Right,No
7,1969,RP,Ron Herbel,31,4,1,0.8,4.02,39,4,13,2,0,1,87.1,92,43,39,7,23,5,34,1,1,3,369,88,3.6,1.317,9.5,0.7,2.4,3.5,1.48,Right,No
8,1969,RP,Ron Bryant,21,4,3,0.571,4.37,16,8,4,0,0,1,57.2,60,29,28,8,25,1,30,2,0,3,252,81,4.68,1.474,9.4,1.2,3.9,4.7,1.2,Left,No
9,1969,RP,Rich Robertson,24,1,3,0.25,5.48,17,7,6,1,1,0,44.1,53,32,27,4,21,1,20,1,0,4,207,65,4.27,1.669,10.8,0.8,4.3,4.1,0.95,Right,No
10,1969,RP,Joe Gibbon,34,1,3,0.25,3.6,16,0,8,0,0,2,20.0,15,10,8,1,13,4,9,1,0,0,89,100,4.36,1.4,6.8,0.5,5.9,4.1,0.69,Left,No
11,1969,,Don McMahon,39,3,1,0.75,3.04,13,0,8,0,0,2,23.2,13,9,8,1,9,0,21,0,0,3,92,118,2.42,0.93,4.9,0.4,3.4,8.0,2.33,Right,No
12,1969,,Ron Kline,37,0,2,0.0,4.09,7,0,3,0,0,0,11.0,16,6,5,1,6,3,7,0,0,0,52,90,4.05,2.0,13.1,0.8,4.9,5.7,1.17,Right,No
13,1969,,Bob Garibaldi,27,0,1,0.0,1.8,1,1,0,0,0,0,5.0,6,4,1,0,2,0,1,0,0,0,22,213,3.31,1.6,10.8,0.0,3.6,1.8,0.5,Right,No
14,1969,,Mike Davison,23,0,0,0.0,4.5,1,0,1,0,0,0,2.0,2,1,1,0,0,0,2,0,0,0,8,95,0.51,1.0,9.0,0.0,0.0,9.0,0.0,Left,No
1,1968,SP,Juan Marichal,30,26,9,0.743,2.43,38,38,0,30,5,0,325.2,295,106,88,21,46,9,218,6,2,8,1307,123,2.36,1.047,8.2,0.6,1.3,6.0,4.74,Right,No
2,1968,SP,Gaylord Perry,29,16,15,0.516,2.45,39,38,1,19,3,1,290.2,240,93,79,10,59,12,173,4,0,6,1159,122,2.29,1.029,7.4,0.3,1.8,5.4,2.93,Right,No
3,1968,SP,Ray Sadecki,27,12,18,0.4,2.91,38,36,0,13,6,0,253.2,225,94,82,14,70,17,206,3,0,9,1040,103,2.34,1.163,8.0,0.5,2.5,7.3,2.94,Left,No
4,1968,SP,Mike McCormick,29,12,14,0.462,3.58,38,28,5,9,2,1,198.1,196,92,79,17,49,13,121,2,0,9,838,83,3.05,1.235,8.9,0.8,2.2,5.5,2.47,Left,No
5,1968,SP,Bobby Bolin,29,10,5,0.667,1.99,34,19,2,6,3,0,176.2,128,44,39,9,46,9,126,4,0,9,696,151,2.47,0.985,6.5,0.5,2.3,6.4,2.74,Right,No
6,1968,CL,Frank Linzy,27,9,8,0.529,2.08,57,0,45,0,0,12,95.1,76,30,22,1,27,14,36,1,0,5,387,145,2.65,1.08,7.2,0.1,2.5,3.4,1.33,Right,No
7,1968,RP,Ron Herbel,30,0,0,0.0,3.35,28,2,8,0,0,0,43.0,55,26,16,5,15,8,18,1,0,3,196,90,4.18,1.628,11.5,1.0,3.1,3.8,1.2,Right,No
8,1968,RP,Joe Gibbon,33,1,2,0.333,1.58,29,0,10,0,0,1,40.0,33,10,7,3,19,4,22,2,0,4,168,192,3.84,1.3,7.4,0.7,4.3,5.0,1.16,Left,No
9,1968,RP,Lindy McDaniel,32,0,0,0.0,7.45,12,0,8,0,0,0,19.1,30,16,16,2,5,0,9,0,0,2,90,41,3.57,1.81,14.0,0.9,2.3,4.2,1.8,Right,No
10,1968,RP,Bill Monbouquette,31,0,1,0.0,3.75,7,0,4,0,0,1,12.0,11,9,5,4,2,0,5,0,0,0,50,83,6.39,1.083,8.3,3.0,1.5,3.8,2.5,Right,No
11,1968,,Rich Robertson,23,2,0,1.0,6.0,3,1,1,0,0,0,9.0,9,6,6,0,3,0,8,0,0,1,38,53,1.61,1.333,9.0,0.0,3.0,8.0,2.67,Right,No
12,1968,,Bill Henry,40,0,2,0.0,5.4,7,1,2,0,0,0,5.0,4,3,3,0,3,1,0,1,0,0,21,61,4.79,1.4,7.2,0.0,5.4,0.0,0.0,Left,No
1,1967,SP,Gaylord Perry,28,15,17,0.469,2.61,39,37,2,18,3,1,293.0,231,98,85,20,84,17,230,4,1,13,1178,128,2.76,1.075,7.1,0.6,2.6,7.1,2.74,Right,No
2,1967,SP,Mike McCormick,28,22,10,0.688,2.85,40,35,3,14,5,0,262.1,220,88,83,25,81,18,150,5,0,9,1073,118,3.62,1.147,7.5,0.9,2.8,5.1,1.85,Left,No
3,1967,SP,Juan Marichal,29,14,10,0.583,2.76,26,26,0,18,2,0,202.1,195,79,62,20,42,9,166,1,0,0,839,121,2.82,1.171,8.7,0.9,1.9,7.4,3.95,Right,No
4,1967,SP,Ray Sadecki,26,12,6,0.667,2.78,35,24,4,10,2,0,188.0,165,65,58,8,58,4,145,4,1,9,775,121,2.54,1.186,7.9,0.4,2.8,6.9,2.5,Left,No
5,1967,CL,Frank Linzy,26,7,7,0.5,1.51,57,0,44,0,0,17,95.2,67,21,16,4,34,7,38,0,1,3,376,223,3.35,1.056,6.3,0.4,3.2,3.6,1.12,Right,No
6,1967,RP,Ron Herbel,29,4,5,0.444,3.08,42,11,10,1,1,1,125.2,125,54,43,10,35,10,52,2,0,3,516,109,3.63,1.273,9.0,0.7,2.5,3.7,1.49,Right,No
7,1967,RP,Bobby Bolin,28,6,8,0.429,4.88,37,15,10,0,0,0,120.0,120,71,65,16,50,9,69,3,1,5,526,69,4.45,1.417,9.0,1.2,3.8,5.2,1.38,Right,No
8,1967,RP,Joe Gibbon,32,6,2,0.75,3.07,28,10,3,3,1,1,82.0,65,31,28,4,33,4,63,3,0,3,339,109,2.95,1.195,7.1,0.4,3.6,6.9,1.91,Left,No
9,1967,RP,Lindy McDaniel,31,2,6,0.25,3.72,41,3,9,0,0,2,72.2,69,34,30,5,24,10,48,2,1,1,309,91,3.19,1.28,8.5,0.6,3.0,5.9,2.0,Right,No
10,1967,,Bill Henry,39,2,0,1.0,2.08,28,1,12,0,0,2,21.2,16,5,5,1,9,4,23,2,0,1,94,164,2.54,1.154,6.6,0.4,3.7,9.6,2.56,Left,No
11,1967,,Néstor Chávez,19,1,0,1.0,0.0,2,0,0,0,0,0,5.0,4,2,0,0,3,1,3,0,0,0,22,0,3.14,1.4,7.2,0.0,5.4,5.4,1.0,Right,No
12,1967,,Ron Bryant,19,0,0,0.0,4.5,1,0,0,0,0,0,4.0,3,2,2,0,0,0,2,1,0,0,16,83,2.29,0.75,6.8,0.0,0.0,4.5,0.0,Left,No
13,1967,,Rich Robertson,22,0,0,0.0,4.5,1,0,1,0,0,0,2.0,3,1,1,0,0,0,1,0,0,1,9,91,1.54,1.5,13.5,0.0,0.0,4.5,0.0,Right,No
1,1966,SP,Juan Marichal,28,25,6,0.806,2.23,37,36,1,25,4,0,307.1,228,88,76,32,36,3,222,5,0,3,1180,167,2.86,0.859,6.7,0.9,1.1,6.5,6.17,Right,No
2,1966,SP,Gaylord Perry,27,21,8,0.724,2.99,36,35,0,13,3,0,255.2,242,92,85,15,40,3,201,5,0,7,1035,124,2.27,1.103,8.5,0.5,1.4,7.1,5.03,Right,No
3,1966,SP,Bobby Bolin,27,11,10,0.524,2.89,36,34,1,10,4,1,224.1,174,85,72,25,70,10,143,10,0,6,919,129,3.8,1.088,7.0,1.0,2.8,5.7,2.04,Right,No
4,1966,SP,Ron Herbel,28,4,5,0.444,4.16,32,18,3,0,0,1,129.2,149,70,60,15,39,9,55,2,1,8,562,89,4.16,1.45,10.3,1.0,2.7,3.8,1.41,Right,No
5,1966,SP,Ray Sadecki,25,3,7,0.3,5.4,26,19,7,3,1,0,105.0,125,82,63,20,39,2,62,4,0,5,476,69,5.08,1.562,10.7,1.7,3.3,5.3,1.59,Left,No
6,1966,CL,Frank Linzy,25,7,11,0.389,2.96,51,0,34,0,0,16,100.1,107,40,33,4,34,9,57,2,0,0,438,126,3.01,1.405,9.6,0.4,3.0,5.1,1.68,Right,No
7,1966,RP,Lindy McDaniel,30,10,5,0.667,2.66,64,0,32,0,0,6,121.2,103,48,36,5,35,9,93,0,0,2,495,140,2.42,1.134,7.6,0.4,2.6,6.9,2.66,Right,No
8,1966,RP,Bob Priddy,26,6,3,0.667,3.96,38,3,10,0,0,1,91.0,88,45,40,8,28,3,51,3,1,4,379,94,3.6,1.275,8.7,0.8,2.8,5.0,1.82,Right,No
9,1966,RP,Joe Gibbon,31,4,6,0.4,3.67,37,10,6,1,0,1,81.0,86,41,33,4,16,1,48,2,0,5,342,102,2.68,1.259,9.6,0.4,1.8,5.3,3.0,Left,No
10,1966,RP,Bill Henry,38,1,1,0.5,2.45,35,0,9,0,0,1,22.0,15,6,6,3,10,3,15,1,1,1,93,154,4.46,1.136,6.1,1.2,4.1,6.1,1.5,Left,No
11,1966,,Bob Shaw,33,1,4,0.2,6.25,13,6,5,0,0,0,31.2,45,23,22,9,7,1,21,0,0,3,148,60,5.59,1.642,12.8,2.6,2.0,6.0,3.0,Right,No
12,1966,,Billy Hoeft,34,0,2,0.0,7.36,4,0,1,0,0,0,3.2,4,3,3,0,3,1,3,0,0,0,19,56,3.37,1.909,9.8,0.0,7.4,7.4,1.0,Left,No
13,1966,,Rich Robertson,21,0,0,0.0,7.71,1,0,0,0,0,0,2.1,3,3,2,0,2,0,2,0,0,0,12,57,3.41,2.143,11.6,0.0,7.7,7.7,1.0,Right,No
14,1966,,Bob Garibaldi,24,0,0,0.0,0.0,1,0,0,0,0,0,1.0,1,0,0,0,0,0,0,0,0,0,4,0,2.55,1.0,9.0,0.0,0.0,0.0,0.0,Right,No
1,1965,SP,Juan Marichal,27,22,13,0.629,2.13,39,37,2,24,10,1,295.1,224,78,70,27,46,4,240,4,0,2,1153,169,2.59,0.914,6.8,0.8,1.4,7.3,5.22,Right,No
2,1965,SP,Bob Shaw,32,16,9,0.64,2.64,42,33,5,6,1,2,235.0,213,85,69,17,53,5,148,3,1,9,969,137,2.91,1.132,8.2,0.7,2.0,5.7,2.79,Right,No
3,1965,SP,Gaylord Perry,26,8,12,0.4,4.19,47,26,8,6,0,1,195.2,194,105,91,21,70,16,170,6,0,12,848,86,3.34,1.349,8.9,1.0,3.2,7.8,2.43,Right,No
4,1965,SP,Jack Sanford,36,4,5,0.444,3.96,23,16,4,0,0,2,91.0,92,50,40,11,30,7,43,7,1,4,402,92,4.36,1.341,9.1,1.1,3.0,4.3,1.43,Right,No
5,1965,SP,Warren Spahn,44,3,4,0.429,3.39,16,11,2,3,0,0,71.2,70,34,27,8,21,1,34,1,0,1,303,107,3.94,1.27,8.8,1.0,2.6,4.3,1.62,Left,No
6,1965,CL,Frank Linzy,24,9,3,0.75,1.43,57,0,40,0,0,20,81.2,76,19,13,2,23,8,35,3,0,5,334,253,2.93,1.212,8.4,0.2,2.5,3.9,1.52,Right,No
7,1965,RP,Ron Herbel,27,12,9,0.571,3.85,47,21,10,1,0,1,170.2,172,80,73,16,47,7,106,3,0,5,718,94,3.37,1.283,9.1,0.8,2.5,5.6,2.26,Right,No
8,1965,RP,Bobby Bolin,26,14,6,0.7,2.76,45,13,15,2,0,2,163.0,125,51,50,17,56,4,135,4,0,3,655,131,3.32,1.11,6.9,0.9,3.1,7.5,2.41,Right,No
9,1965,RP,Masanori Murakami,21,4,1,0.8,3.75,45,1,16,0,0,8,74.1,57,31,31,9,22,5,85,3,0,3,304,97,2.81,1.063,6.9,1.1,2.7,10.3,3.86,Left,No
10,1965,RP,Bill Henry,37,2,2,0.5,3.64,35,0,11,0,0,4,42.0,40,18,17,2,8,3,35,1,0,1,173,100,2.11,1.143,8.6,0.4,1.7,7.5,4.38,Left,No
11,1965,,Bob Hendley,26,0,0,0.0,12.6,8,2,1,0,0,0,15.0,27,22,21,6,13,2,8,1,0,2,87,29,9.45,2.667,16.2,3.6,7.8,4.8,0.62,Left,No
12,1965,,Dick Estelle,23,0,0,0.0,3.97,6,1,1,0,0,0,11.1,12,6,5,0,8,1,6,1,1,1,56,94,3.84,1.765,9.5,0.0,6.4,4.8,0.75,Left,No
13,1965,,Bob Priddy,25,1,0,1.0,1.74,8,0,4,0,0,0,10.1,6,2,2,1,2,0,7,0,0,1,38,216,3.0,0.774,5.2,0.9,1.7,6.1,3.5,Right,No
14,1965,,Bill Hands,25,0,2,0.0,16.5,4,2,0,0,0,0,6.0,13,11,11,0,6,2,5,0,0,0,36,23,3.85,3.167,19.5,0.0,9.0,7.5,0.83,Right,No
15,1965,,Matty Alou,26,0,0,0.0,0.0,1,0,1,0,0,0,2.0,3,0,0,0,1,0,3,0,0,0,10,0,1.02,2.0,13.5,0.0,4.5,13.5,3.0,Left,No
16,1965,,Jim Duffalo,29,0,1,0.0,27.0,2,0,1,0,0,0,0.1,1,1,1,0,2,0,0,0,0,0,4,30,20.52,9.0,27.0,0.0,54.0,0.0,0.0,Right,No
1,1964,SP,Juan Marichal,26,21,8,0.724,2.48,33,33,0,22,4,0,269.0,241,89,74,18,52,8,206,1,2,4,1089,143,2.53,1.089,8.1,0.6,1.7,6.9,3.96,Right,No
2,1964,SP,Bobby Bolin,25,6,9,0.4,3.25,38,23,4,5,3,1,174.2,143,71,63,16,77,3,146,10,1,5,743,109,3.62,1.26,7.4,0.8,4.0,7.5,1.9,Right,No
3,1964,SP,Bob Hendley,25,10,11,0.476,3.64,30,29,1,4,1,1,163.1,161,71,66,18,59,9,104,2,1,0,696,97,3.88,1.347,8.9,1.0,3.3,5.7,1.76,Left,No
4,1964,SP,Ron Herbel,26,9,9,0.5,3.07,40,22,8,7,2,1,161.0,162,65,55,7,61,9,98,3,0,7,698,115,3.15,1.385,9.1,0.4,3.4,5.5,1.61,Right,No
5,1964,SP,Jack Sanford,35,5,7,0.417,3.3,18,17,1,3,1,1,106.1,91,44,39,7,37,3,64,4,1,1,447,108,3.41,1.204,7.7,0.6,3.1,5.4,1.73,Right,No
6,1964,CL,Bob Shaw,31,7,6,0.538,3.76,61,1,27,0,0,11,93.1,105,43,39,5,31,6,57,5,0,4,412,94,3.24,1.457,10.1,0.5,3.0,5.5,1.84,Right,No
7,1964,RP,Gaylord Perry,25,12,11,0.522,2.75,44,19,11,5,2,4,206.1,179,65,63,16,43,6,155,5,0,5,832,129,2.81,1.076,7.8,0.7,1.9,6.8,3.6,Right,No
8,1964,RP,Billy O'Dell,31,8,7,0.533,5.4,36,8,13,1,0,3,85.0,82,55,51,10,35,6,54,4,0,1,371,66,4.24,1.376,8.7,1.1,3.7,5.7,1.54,Left,No
9,1964,RP,Jim Duffalo,28,5,1,0.833,2.92,35,3,19,1,0,3,74.0,57,25,24,9,31,4,55,2,0,4,311,122,4.04,1.189,6.9,1.1,3.8,6.7,1.77,Right,No
10,1964,RP,Billy Pierce,37,3,0,1.0,2.2,34,1,14,0,0,4,49.0,40,14,12,6,10,1,29,0,0,1,195,162,3.63,1.02,7.3,1.1,1.8,5.3,2.9,Left,No
11,1964,,Dick Estelle,22,1,2,0.333,3.02,6,6,0,0,0,0,41.2,39,15,14,3,23,0,23,0,0,0,185,118,4.09,1.488,8.4,0.6,5.0,5.0,1.0,Left,No
12,1964,,John Pregenzer,31,2,0,1.0,4.91,13,0,5,0,0,0,18.1,21,15,10,1,11,3,8,1,0,2,86,74,4.41,1.745,10.3,0.5,5.4,3.9,0.73,Right,No
13,1964,,Masanori Murakami,20,1,0,1.0,1.8,9,0,5,0,0,1,15.0,8,3,3,1,1,0,15,0,1,0,53,202,1.67,0.6,4.8,0.6,0.6,9.0,15.0,Left,No
14,1964,,Don Larsen,34,0,1,0.0,4.35,6,0,3,0,0,0,10.1,10,5,5,0,6,1,6,0,0,0,46,85,3.19,1.548,8.7,0.0,5.2,5.2,1.0,Right,No
15,1964,,Ken MacKenzie,30,0,0,0.0,5.0,10,0,3,0,0,1,9.0,9,7,5,1,3,0,3,0,0,0,41,74,4.38,1.333,9.0,1.0,3.0,3.0,1.0,Left,No
1,1963,SP,Juan Marichal,25,25,8,0.758,2.41,41,40,1,18,5,0,321.1,259,102,86,27,61,6,248,2,3,2,1270,133,2.62,0.996,7.3,0.8,1.7,6.9,4.07,Right,No
2,1963,SP,Jack Sanford,34,16,13,0.552,3.51,42,42,0,11,0,0,284.1,273,123,111,21,76,8,158,5,4,4,1184,91,3.18,1.227,8.6,0.7,2.4,5.0,2.08,Right,No
3,1963,SP,Billy O'Dell,30,14,10,0.583,3.16,36,33,1,10,3,1,222.1,218,90,78,14,70,12,116,7,0,6,951,101,3.29,1.295,8.8,0.6,2.8,4.7,1.66,Left,No
4,1963,CL,Bobby Bolin,24,10,6,0.625,3.28,47,12,17,2,0,7,137.1,128,73,50,13,57,4,134,7,0,8,604,98,3.16,1.347,8.4,0.9,3.7,8.8,2.35,Right,No
5,1963,RP,Jack Fisher,24,6,10,0.375,4.58,36,12,9,2,0,1,116.0,132,77,59,12,38,3,57,5,1,2,517,70,3.95,1.466,10.2,0.9,2.9,4.4,1.5,Right,No
6,1963,RP,Billy Pierce,36,3,11,0.214,4.27,38,13,13,3,1,7,99.0,106,49,47,12,20,1,52,1,2,3,420,75,3.64,1.273,9.6,1.1,1.8,4.7,2.6,Left,No
7,1963,RP,Jim Duffalo,27,4,2,0.667,2.87,34,5,16,0,0,2,75.1,56,26,24,3,37,6,55,2,0,2,314,112,3.09,1.235,6.7,0.4,4.4,6.6,1.49,Right,No
8,1963,RP,Don Larsen,33,7,7,0.5,3.05,46,0,26,0,0,4,62.0,46,23,21,8,30,9,44,0,0,4,261,105,4.19,1.226,6.7,1.2,4.4,6.4,1.47,Right,No
9,1963,,Gaylord Perry,24,1,6,0.143,4.03,31,4,6,0,0,2,76.0,84,41,34,10,29,7,52,2,1,4,340,80,4.04,1.487,9.9,1.2,3.4,6.2,1.79,Right,No
10,1963,,Billy Hoeft,31,2,0,1.0,4.44,23,0,9,0,0,4,24.1,26,12,12,5,10,2,8,0,0,1,108,73,5.73,1.479,9.6,1.8,3.7,3.0,0.8,Left,No
11,1963,,Frank Linzy,22,0,0,0.0,4.86,8,1,6,0,0,0,16.2,22,9,9,0,10,0,14,1,0,1,80,68,2.78,1.92,11.9,0.0,5.4,7.6,1.4,Right,No
12,1963,,Al Stanek,19,0,0,0.0,4.73,11,0,4,0,0,0,13.1,10,7,7,1,12,2,5,0,0,1,61,70,5.4,1.65,6.8,0.7,8.1,3.4,0.42,Left,No
13,1963,,John Pregenzer,30,0,0,0.0,4.82,6,0,4,0,0,1,9.1,8,5,5,0,8,2,5,1,1,0,43,70,4.3,1.714,7.7,0.0,7.7,4.8,0.63,Right,No
14,1963,,Bob Garibaldi,21,0,1,0.0,1.13,4,0,3,0,0,1,8.0,8,2,1,0,4,2,4,1,0,0,34,301,3.35,1.5,9.0,0.0,4.5,4.5,1.0,Right,No
15,1963,,Jim Constable,30,0,0,0.0,3.86,4,0,0,0,0,0,2.1,3,1,1,0,1,0,1,0,0,1,11,100,2.91,1.714,11.6,0.0,3.9,3.9,1.0,Left,No
16,1963,,Ron Herbel,25,0,0,0.0,6.75,2,0,1,0,0,0,1.1,1,1,1,0,1,0,1,0,0,1,6,64,3.23,1.5,6.8,0.0,6.8,6.8,1.0,Right,No
1,1962,SP,Billy O'Dell,29,19,14,0.576,3.53,43,39,1,20,2,0,280.2,282,126,110,18,66,1,195,7,0,4,1178,109,2.84,1.24,9.0,0.6,2.1,6.3,2.95,Left,No
2,1962,SP,Jack Sanford,33,24,7,0.774,3.43,39,38,1,13,2,0,265.1,233,110,101,23,92,4,147,3,2,4,1100,112,3.71,1.225,7.9,0.8,3.1,5.0,1.6,Right,No
3,1962,SP,Juan Marichal,24,18,11,0.621,3.36,37,36,1,18,3,1,262.2,233,112,98,34,90,5,153,3,1,3,1101,114,4.2,1.23,8.0,1.2,3.1,5.2,1.7,Right,No
4,1962,SP,Billy Pierce,35,16,6,0.727,3.49,30,23,2,7,2,1,162.1,147,67,63,19,35,2,76,3,1,2,657,110,3.9,1.121,8.1,1.1,1.9,4.2,2.17,Left,No
5,1962,SP,Mike McCormick,23,5,5,0.5,5.38,28,15,4,1,0,0,98.2,112,64,59,18,45,2,42,1,0,1,447,71,5.54,1.591,10.2,1.6,4.1,3.8,0.93,Left,No
6,1962,CL,Stu Miller,34,5,8,0.385,4.12,59,0,41,0,0,19,107.0,107,55,49,8,42,7,78,2,0,5,461,93,3.36,1.393,9.0,0.7,3.5,6.6,1.86,Right,No
7,1962,RP,Bobby Bolin,23,7,3,0.7,3.62,41,5,17,2,0,6,92.0,84,41,37,10,35,5,74,5,0,2,394,106,3.73,1.293,8.2,1.0,3.4,7.2,2.11,Right,No
8,1962,RP,Don Larsen,32,5,4,0.556,4.38,49,0,25,0,0,10,86.1,83,44,42,9,47,7,58,2,0,6,380,88,4.33,1.506,8.7,0.9,4.9,6.0,1.23,Right,No
9,1962,RP,Gaylord Perry,23,3,1,0.75,5.23,13,7,1,1,0,0,43.0,54,29,25,3,14,2,20,0,0,3,195,74,3.57,1.581,11.3,0.6,2.9,4.2,1.43,Right,No
10,1962,RP,Jim Duffalo,26,1,2,0.333,3.64,24,2,3,0,0,0,42.0,42,27,17,3,23,3,29,0,0,1,191,106,3.81,1.548,9.0,0.6,4.9,6.2,1.26,Right,No
11,1962,,Bob Garibaldi,20,0,0,0.0,5.11,9,0,5,0,0,1,12.1,13,7,7,1,5,0,9,0,0,1,55,77,3.43,1.459,9.5,0.7,3.6,6.6,1.8,Right,No
12,1962,,Dick LeMay,23,0,1,0.0,7.71,9,0,2,0,0,1,9.1,9,8,8,2,9,1,5,0,1,2,45,52,7.22,1.929,8.7,1.9,8.7,4.8,0.56,Left,No
1,1961,SP,Mike McCormick,22,13,16,0.448,3.2,40,35,3,13,3,0,250.0,235,99,89,33,75,3,163,2,0,4,1033,118,3.91,1.24,8.5,1.2,2.7,5.9,2.17,Left,No
2,1961,SP,Jack Sanford,32,13,9,0.591,4.22,38,33,1,6,0,0,217.1,203,114,102,22,87,7,112,5,4,3,923,90,4.13,1.334,8.4,0.9,3.6,4.6,1.29,Right,No
3,1961,SP,Juan Marichal,23,13,10,0.565,3.89,29,27,2,9,3,0,185.0,183,88,80,24,48,5,124,2,1,7,769,98,3.73,1.249,8.9,1.2,2.3,6.0,2.58,Right,No
4,1961,SP,Billy Loes,31,6,5,0.545,4.24,26,18,2,3,1,0,114.2,114,62,54,13,39,4,55,5,1,0,494,90,4.24,1.334,8.9,1.0,3.1,4.3,1.41,Right,No
5,1961,CL,Stu Miller,33,14,5,0.737,2.66,63,0,46,0,0,17,122.0,95,41,36,4,37,11,89,1,0,0,487,143,2.48,1.082,7.0,0.3,2.7,6.6,2.41,Right,No
6,1961,RP,Billy O'Dell,28,7,5,0.583,3.59,46,14,9,4,1,2,130.1,132,63,52,10,33,6,110,1,0,2,554,106,2.67,1.266,9.1,0.7,2.3,7.6,3.33,Left,No
7,1961,RP,Sam Jones,35,8,8,0.5,4.49,37,17,10,2,0,1,128.1,134,72,64,12,57,7,105,8,0,7,579,85,3.67,1.488,9.4,0.8,4.0,7.4,1.84,Right,No
8,1961,RP,Dick LeMay,22,3,6,0.333,3.56,27,5,11,1,0,3,83.1,65,35,33,11,36,7,54,4,1,3,348,107,4.43,1.212,7.0,1.2,3.9,5.8,1.5,Left,No
9,1961,RP,Bobby Bolin,22,2,2,0.5,3.19,37,1,18,0,0,5,48.0,37,20,17,6,37,8,48,3,1,4,224,120,4.7,1.542,6.9,1.1,6.9,9.0,1.3,Right,No
10,1961,,Jim Duffalo,25,5,1,0.833,4.23,24,4,7,1,0,1,61.2,59,31,29,9,32,7,37,2,0,1,271,90,4.93,1.476,8.6,1.3,4.7,5.4,1.16,Right,No
11,1961,,Eddie Fisher,24,0,2,0.0,5.35,15,1,5,0,0,1,33.2,36,23,20,7,9,3,16,0,0,1,146,72,5.13,1.337,9.6,1.9,2.4,4.3,1.78,Right,No
12,1961,,Dom Zanni,29,1,0,1.0,3.95,8,0,2,0,0,0,13.2,13,7,6,1,12,2,11,0,0,1,63,99,4.55,1.829,8.6,0.7,7.9,7.2,0.92,Right,No
1,1960,SP,Mike McCormick,21,15,12,0.556,2.7,40,34,6,15,4,3,253.0,228,87,76,15,65,12,154,1,0,12,1033,130,2.86,1.158,8.1,0.5,2.3,5.5,2.37,Left,No
2,1960,SP,Sam Jones,34,18,14,0.563,3.19,39,35,3,13,3,0,234.0,200,112,83,18,91,5,190,4,0,8,978,110,3.12,1.244,7.7,0.7,3.5,7.3,2.09,Right,No
3,1960,SP,Jack Sanford,31,12,14,0.462,3.82,37,34,2,11,6,0,219.0,199,111,93,11,99,6,125,2,3,15,940,92,3.42,1.361,8.2,0.5,4.1,5.1,1.26,Right,No
4,1960,SP,Billy O'Dell,27,8,13,0.381,3.2,43,24,6,6,1,2,202.2,198,80,72,16,72,8,145,2,2,4,873,110,3.22,1.332,8.8,0.7,3.2,6.4,2.01,Left,No
5,1960,SP,Juan Marichal,22,6,2,0.75,2.66,11,11,0,6,1,0,81.1,59,29,24,5,28,1,58,0,2,3,328,132,2.93,1.07,6.5,0.6,3.1,6.4,2.07,Right,No
6,1960,CL,Johnny Antonelli,30,6,7,0.462,3.77,41,10,19,1,1,11,112.1,106,51,47,7,47,10,57,2,0,1,480,93,3.63,1.362,8.5,0.6,3.8,4.6,1.21,Left,No
7,1960,RP,Stu Miller,32,7,6,0.538,3.9,47,3,16,2,0,2,101.2,100,49,44,9,31,5,65,3,0,0,437,90,3.4,1.289,8.9,0.8,2.7,5.8,2.1,Right,No
8,1960,RP,Georges Maranda,28,1,4,0.2,4.62,17,4,4,0,0,0,50.2,50,32,26,6,30,7,28,0,0,1,230,76,4.74,1.579,8.9,1.1,5.3,5.0,0.93,Right,No
9,1960,RP,Billy Loes,30,3,2,0.6,4.93,37,0,21,0,0,5,45.2,40,26,25,9,17,2,28,4,0,1,190,72,5.24,1.248,7.9,1.8,3.4,5.5,1.65,Right,No
10,1960,RP,Bud Byerly,40,1,0,1.0,5.32,19,0,9,0,0,2,22.0,32,14,13,3,6,0,13,1,0,1,106,67,4.07,1.727,13.1,1.2,2.5,5.3,2.17,Right,No
11,1960,,Sherman Jones,25,1,1,0.5,3.09,16,0,8,0,0,1,32.0,37,17,11,3,11,1,10,1,0,0,143,115,4.25,1.5,10.4,0.8,3.1,2.8,0.91,Right,No
12,1960,,Joe Shipley,25,0,0,0.0,5.4,15,0,6,0,0,0,20.0,20,13,12,2,9,1,9,3,1,1,87,66,4.73,1.45,9.0,0.9,4.1,4.1,1.0,Right,No
13,1960,,Eddie Fisher,23,1,0,1.0,3.55,3,1,0,1,0,0,12.2,11,5,5,2,2,0,7,0,0,0,50,102,3.95,1.026,7.8,1.4,1.4,5.0,3.5,Right,No
14,1960,,Don Choate,21,0,0,0.0,2.25,4,0,1,0,0,0,8.0,7,4,2,0,4,0,7,0,0,1,34,164,2.28,1.375,7.9,0.0,4.5,7.9,1.75,Right,No
15,1960,,Ramon Monzant,27,0,0,0.0,9.0,1,0,0,0,0,0,1.0,1,1,1,1,0,0,1,0,0,0,4,56,13.53,1.0,9.0,9.0,0.0,9.0,0.0,Right,No
1,1959,SP,Johnny Antonelli,29,19,10,0.655,3.1,40,38,1,17,4,1,282.0,247,107,97,29,76,6,165,3,0,1,1150,123,3.55,1.145,7.9,0.9,2.4,5.3,2.17,Left,No
2,1959,SP,Sam Jones,33,21,15,0.583,2.83,50,35,12,16,4,5,270.2,232,99,85,18,109,6,209,8,0,5,1148,134,3.16,1.26,7.7,0.6,3.6,6.9,1.92,Right,No
3,1959,SP,Mike McCormick,20,12,16,0.429,3.99,47,31,9,7,3,4,225.2,213,117,100,24,86,13,151,1,0,9,972,95,3.74,1.325,8.5,1.0,3.4,6.0,1.76,Left,No
4,1959,SP,Jack Sanford,30,15,12,0.556,3.16,36,31,2,10,0,1,222.1,198,90,78,22,70,4,132,7,2,7,933,120,3.68,1.205,8.0,0.9,2.8,5.3,1.89,Right,No
5,1959,CL,Stu Miller,31,8,7,0.533,2.84,59,9,29,2,0,8,167.2,164,66,53,15,57,13,95,5,0,1,716,134,3.68,1.318,8.8,0.8,3.1,5.1,1.67,Right,No
6,1959,RP,Al Worthington,30,2,3,0.4,3.68,42,3,15,0,0,3,73.1,68,34,30,8,37,4,45,5,0,4,323,103,4.45,1.432,8.3,1.0,4.5,5.5,1.22,Right,No
7,1959,RP,Gordon Jones,29,3,2,0.6,4.33,31,0,10,0,0,2,43.2,45,23,21,6,19,5,29,1,0,0,192,88,4.38,1.466,9.3,1.2,3.9,6.0,1.53,Right,No
8,1959,RP,Eddie Fisher,22,2,6,0.25,7.88,17,5,6,0,0,1,40.0,57,37,35,8,8,0,15,1,0,0,181,49,5.07,1.625,12.8,1.8,1.8,3.4,1.88,Right,No
9,1959,RP,Bud Byerly,39,1,0,1.0,1.38,11,0,6,0,0,0,13.0,11,2,2,2,5,1,4,0,0,0,52,282,5.08,1.231,7.6,1.4,3.5,2.8,0.8,Right,No
10,1959,,Joe Shipley,24,0,0,0.0,4.5,10,1,7,0,0,0,18.0,16,11,9,2,17,0,11,1,0,1,87,86,5.77,1.833,8.0,1.0,8.5,5.5,0.65,Right,No
11,1959,,Dom Zanni,27,0,0,0.0,6.55,9,0,3,0,0,0,11.0,12,10,8,2,8,0,11,1,0,1,54,60,5.36,1.818,9.8,1.6,6.5,9.0,1.38,Right,No
12,1959,,Billy Muffett,28,0,0,0.0,5.4,5,0,2,0,0,0,6.2,11,6,4,2,3,1,3,0,0,0,31,74,6.89,2.1,14.9,2.7,4.1,4.1,1.0,Right,No
13,1959,,Marshall Renfroe,23,0,0,0.0,27.0,1,1,0,0,0,0,2.0,3,6,6,1,3,0,3,0,0,0,12,17,10.54,3.0,13.5,4.5,13.5,13.5,1.0,Left,No
14,1959,,Curt Barclay,27,0,0,0.0,54.0,1,0,0,0,0,0,0.1,2,5,2,0,2,0,0,0,0,0,6,16,20.54,12.0,54.0,0.0,54.0,0.0,0.0,Right,No
1,1958,SP,Johnny Antonelli,28,16,13,0.552,3.28,41,34,5,13,0,3,241.2,216,101,88,31,87,7,143,3,0,4,1014,117,4.08,1.254,8.0,1.2,3.2,5.3,1.64,Left,No
2,1958,SP,Rubén Gómez,30,10,12,0.455,4.38,42,30,6,8,1,1,207.2,204,107,101,21,77,3,112,8,0,3,884,88,3.94,1.353,8.8,0.9,3.3,4.9,1.45,Right,No
3,1958,SP,Mike McCormick,19,11,8,0.579,4.59,42,28,5,8,2,1,178.1,192,103,91,20,60,6,82,3,0,6,773,84,4.07,1.413,9.7,1.0,3.0,4.1,1.37,Left,No
4,1958,CL,Marv Grissom,40,7,5,0.583,3.99,51,0,35,0,0,11,65.1,71,34,29,11,26,7,46,5,0,3,285,97,4.68,1.485,9.8,1.5,3.6,6.3,1.77,Right,No
5,1958,RP,Stu Miller,30,6,9,0.4,2.47,41,20,7,4,1,0,182.0,160,60,50,16,49,3,119,2,1,2,744,155,3.15,1.148,7.9,0.8,2.4,5.9,2.43,Right,No
6,1958,RP,Al Worthington,29,11,7,0.611,3.63,54,12,17,1,0,6,151.1,152,72,61,17,57,6,76,2,0,3,666,106,4.1,1.381,9.0,1.0,3.4,4.5,1.33,Right,No
7,1958,RP,Ramon Monzant,25,8,11,0.421,4.72,43,16,10,4,1,1,150.2,160,89,79,20,57,5,93,6,0,4,663,81,4.22,1.44,9.6,1.2,3.4,5.6,1.63,Right,No
8,1958,RP,Paul Giel,25,4,5,0.444,4.7,29,9,7,0,0,0,92.0,89,56,48,12,55,4,55,2,2,2,410,82,4.83,1.565,8.7,1.2,5.4,5.4,1.0,Right,No
9,1958,,Gordon Jones,28,3,1,0.75,2.37,11,1,4,0,0,1,30.1,33,11,8,2,5,1,8,1,1,0,125,164,3.4,1.253,9.8,0.6,1.5,2.4,1.6,Right,No
10,1958,,Ray Crone,26,1,2,0.333,6.75,14,1,6,0,0,0,24.0,35,18,18,5,13,0,7,0,0,3,116,58,6.23,2.0,13.1,1.9,4.9,2.6,0.54,Right,No
11,1958,,Don Johnson,31,0,1,0.0,6.26,17,0,6,0,0,1,23.0,31,19,16,2,8,1,14,2,0,2,108,62,3.69,1.696,12.1,0.8,3.1,5.5,1.75,Right,No
12,1958,,Curt Barclay,26,1,0,1.0,2.81,6,1,2,0,0,0,16.0,16,5,5,3,5,3,6,3,0,0,70,140,5.66,1.313,9.0,1.7,2.8,3.4,1.2,Right,No
13,1958,,Pete Burnside,27,0,0,0.0,6.75,6,1,3,0,0,0,10.2,20,10,8,3,5,0,4,0,0,0,55,59,6.79,2.344,16.9,2.5,4.2,3.4,0.8,Left,No
14,1958,,Jim Constable,25,1,0,1.0,5.63,9,0,3,0,0,1,8.0,10,6,5,1,3,0,4,0,1,0,35,72,4.23,1.625,11.3,1.1,3.4,4.5,1.33,Left,No
15,1958,,Dom Zanni,26,1,0,1.0,2.25,1,0,0,0,0,0,4.0,7,1,1,1,1,0,3,0,0,0,18,187,4.98,2.0,15.8,2.3,2.3,6.8,3.0,Right,No
16,1958,,John Fitzgerald,24,0,0,0.0,3.0,1,1,0,0,0,0,3.0,1,1,1,1,1,0,3,0,0,0,10,145,5.81,0.667,3.0,3.0,3.0,9.0,3.0,Left,No
17,1958,,Joe Shipley,23,0,0,0.0,33.75,1,0,0,0,0,0,1.1,3,5,5,0,3,0,0,2,0,1,12,15,13.73,4.5,20.3,0.0,20.3,0.0,0.0,Right,No
